Timestamp,ClosingPrice,Prediction,Balance,BTC,USDT,Position
2022-11-07 17:16:11.118803,20713.98,20702.752598457337,26.2599405,0.0,26.2599405,0
2022-11-07 17:59:51.856084,20652.31,20636.49,26.2599405,0.0,26.2599405,0
2022-11-07 18:59:50.713695,20769.63,20695.59,26.2599405,0.0,26.2599405,0
2022-11-07 19:59:50.399155,20663.41,20630.73,26.2599405,0.0,26.2599405,0
2022-11-07 20:59:53.045560,20700.73,20710.69,26.2599405,0.0,26.2599405,1
2022-11-07 21:59:49.027780,20713.47,20715.68,26.2752165,0.0012,1.4190525,0
2022-11-07 22:59:49.134757,20848.06,20854.3,26.4367245,0.0012,1.4190525,0
2022-11-07 23:59:52.198253,20803.89,20833.03,26.383720499999995,0.0012,1.4190525,0
2022-11-08 00:59:50.448303,20682.69,20739.6,26.238280499999995,0.0012,1.4190525,0
2022-11-08 01:59:52.381786,20460.49,20510.41,25.9716405,0.0012,1.4190525,0
2022-11-08 02:59:51.757862,20587.35,20521.11,26.123872499999994,0.0012,1.4190525,-1
2022-11-08 03:59:51.135347,20513.43,20379.44,26.1244605,0.0,26.1244605,0
2022-11-08 04:59:48.975312,20626.59,20621.17,26.1244605,0.0,26.1244605,0
2022-11-08 07:59:49.486933,19654.59,19616.45,26.1244605,0.0,26.1244605,0
2022-11-08 08:59:52.211600,19701.57,19572.58,26.1244605,0.0,26.1244605,0
2022-11-08 09:59:49.827267,19782.05,19519.65,26.1244605,0.0,26.1244605,0
2022-11-08 10:59:51.956101,19799.11,19837.56,26.1244605,0.0,26.1244605,1
2022-11-08 11:59:48.288063,19732.38,19905.58,26.039869500000002,0.0013,0.3877755,0
2022-11-08 12:59:50.221287,19775.05,19869.71,26.0953405,0.0013,0.3877755,0
2022-11-08 13:59:58.402388,19689.28,19580.42,25.9838395,0.0013,0.3877755,-1
2022-11-08 14:59:49.063702,19697.09,19549.23,25.9842425,0.0,25.9842425,0
2022-11-08 15:59:57.262393,19724.4,19585.8,25.9842425,0.0,25.9842425,0
2022-11-08 16:59:52.126939,19558.18,19512.88,25.9842425,0.0,25.9842425,0
2022-11-08 17:59:55.545682,19421.51,19480.55,25.9842425,0.0,25.9842425,1
2022-11-08 18:59:55.791386,19513.23,19416.18,26.100816299999998,0.0013,0.7336173,-1
2022-11-08 19:59:49.330677,20367.69,20340.02,26.0987453,0.0,26.0987453,0
2022-11-08 20:59:48.312596,19362.37,19469.53,26.0987453,0.0,26.0987453,1
2022-11-08 21:59:50.436439,18632.7,19040.47,25.1595473,0.0013,0.9370373,0
2022-11-08 22:59:52.882433,18279.08,18258.13,24.699841300000003,0.0013,0.9370373,-1
2022-11-08 23:59:52.975393,18165.89,17690.93,24.6900787,0.0,24.6900787,0
2022-11-09 00:59:51.838030,18696.83,18451.42,24.6900787,0.0,24.6900787,0
2022-11-09 01:59:47.013322,18472.08,18589.13,24.6900787,0.0,24.6900787,1
2022-11-09 02:59:55.315821,18545.37,18924.48,24.783990699999997,0.0013,0.6750097,0
2022-11-09 03:59:51.806385,18343.43,18616.84,24.5214687,0.0013,0.6750097,0
2022-11-09 04:59:51.491813,18324.56,18184.17,24.4969377,0.0013,0.6750097,-1
2022-11-09 05:59:53.325010,18126.31,17783.75,24.4964047,0.0,24.4964047,0
2022-11-09 06:59:50.394266,18311.46,18083.88,24.4964047,0.0,24.4964047,0
2022-11-09 07:59:50.028482,18250.64,18090.39,24.4964047,0.0,24.4964047,0
2022-11-09 08:59:52.573564,18393.4,18550.85,24.4964047,0.0,24.4964047,1
2022-11-09 09:59:45.833509,18297.14,18388.45,24.3716567,0.0013,0.5853747,0
2022-11-09 10:59:51.324711,18239.14,18273.49,24.296256699999997,0.0013,0.5853747,0
2022-11-09 11:59:47.946286,18149.27,18058.85,24.1794257,0.0013,0.5853747,-1
2022-11-09 12:59:48.742290,17740.02,17611.32,24.1792047,0.0,24.1792047,0
2022-11-09 13:59:50.334108,17679.37,17662.52,24.1792047,0.0,24.1792047,0
2022-11-09 14:59:49.335905,17819.06,17690.47,24.1792047,0.0,24.1792047,0
2022-11-09 15:59:50.554286,17596.82,17510.5,24.1792047,0.0,24.1792047,0
2022-11-09 16:59:53.720180,17574.75,17670.44,24.1792047,0.0,24.1792047,1
2022-11-09 17:59:54.939584,17647.71,17679.18,24.2729087,0.0013,1.3308857,0
2022-11-09 18:59:54.618629,17118.55,17046.19,23.5850007,0.0013,1.3308857,-1
2022-11-09 19:59:48.573731,17088.92,17071.07,23.5793327,0.0,23.5793327,0
2022-11-09 20:59:51.938982,16953.82,16875.86,23.5793327,0.0,23.5793327,0
2022-11-09 21:59:47.629996,16602.73,16403.46,23.5793327,0.0,23.5793327,0
2022-11-09 22:59:52.224559,16784.98,16847.24,23.5793327,0.0,23.5793327,1
2022-11-09 23:59:54.244380,16224.05,16290.08,22.7961587,0.0014,0.0824887,0
2022-11-10 00:59:54.174306,15746.33,15784.29,22.127350699999997,0.0014,0.0824887,0
2022-11-10 01:59:49.124610,15888.0,15793.35,22.325688699999997,0.0014,0.0824887,-1
2022-11-10 02:59:50.854430,15895.5,15549.23,22.3132987,0.0,22.3132987,0
2022-11-10 03:59:49.519698,16277.14,16075.37,22.3132987,0.0,22.3132987,0
2022-11-10 05:59:50.617954,16211.2,16262.07,22.3132987,0.0,22.3132987,1
2022-11-10 06:59:48.148997,16367.98,16303.75,22.5160467,0.0013,1.2376727,-1
2022-11-10 07:59:53.157705,16501.08,16321.83,22.5131217,0.0,22.5131217,0
2022-11-10 08:59:50.801657,16729.77,16595.44,22.5131217,0.0,22.5131217,0
2022-11-10 09:59:51.297202,16703.74,16740.32,22.5131217,0.0,22.5131217,1
2022-11-10 10:59:49.236175,16753.36,16835.15,22.5757557,0.0013,0.7963877,0
2022-11-10 11:59:50.863587,16849.27,16936.08,22.7004387,0.0013,0.7963877,0
2022-11-10 12:59:49.419984,16696.91,16733.29,22.5023707,0.0013,0.7963877,0
2022-11-10 13:59:51.457548,16371.63,16428.11,22.0795067,0.0013,0.7963877,0
2022-11-10 14:59:52.690317,16406.24,16425.51,22.1244997,0.0013,0.7963877,0
2022-11-10 15:59:51.127797,16666.53,16559.03,22.4628767,0.0013,0.7963877,-1
2022-11-10 16:59:49.492063,17626.76,17676.89,22.4643067,0.0,22.4643067,1
2022-11-10 17:59:51.019267,17639.29,17732.38,22.4648507,0.0012,1.2977027,0
2022-11-10 18:59:53.144673,17567.84,17824.99,22.3791107,0.0012,1.2977027,0
2022-11-10 19:59:49.247673,17790.05,17883.46,22.645762699999995,0.0012,1.2977027,0
2022-11-10 20:59:51.283099,17211.87,16990.52,21.951946699999997,0.0012,1.2977027,-1
2022-11-10 21:59:51.889335,17356.07,17145.39,21.9450827,0.0,21.9450827,0
2022-11-10 22:59:49.832904,17462.17,17193.88,21.9450827,0.0,21.9450827,0
2022-11-10 23:59:50.230868,18142.39,17985.38,21.9450827,0.0,21.9450827,0
2022-11-11 00:59:48.992334,17852.08,18062.24,21.9450827,0.0,21.9450827,1
2022-11-11 01:59:52.054836,17821.91,18262.28,21.906658699999998,0.0012,0.5203667,0
2022-11-11 02:59:52.043615,17596.85,17620.59,21.636586699999995,0.0012,0.5203667,0
2022-11-11 03:59:46.809157,17555.57,17398.65,21.5870507,0.0012,0.5203667,-1
2022-11-11 04:59:53.559485,17267.02,17087.73,21.5875187,0.0,21.5875187,0
2022-11-11 05:59:52.935364,17207.0,17104.59,21.5875187,0.0,21.5875187,0
2022-11-11 06:59:48.828015,17071.2,17083.87,21.5875187,0.0,21.5875187,1
2022-11-11 07:59:53.631301,17082.63,17155.83,21.603382699999997,0.0012,1.1042267,0
2022-11-11 08:59:46.146300,17359.66,17381.78,21.9358187,0.0012,1.1042267,0
2022-11-11 09:59:48.615243,17268.64,17294.05,21.826594699999994,0.0012,1.1042267,0
2022-11-11 10:59:47.358622,17410.05,17433.31,21.9962867,0.0012,1.1042267,0
2022-11-11 11:59:51.542168,17414.07,17423.4,22.001110699999998,0.0012,1.1042267,0
2022-11-11 13:00:00.746351,17393.84,17332.68,21.976834699999998,0.0012,1.1042267,-1
2022-11-11 13:59:54.597324,17331.38,17243.86,21.9759707,0.0,21.9759707,0
2022-11-11 14:59:49.875469,17346.98,17302.56,21.9759707,0.0,21.9759707,0
2022-11-11 15:59:50.068430,17402.77,17356.67,21.9759707,0.0,21.9759707,0
2022-11-11 16:59:53.027493,17320.11,17363.75,21.9759707,0.0,21.9759707,1
2022-11-11 17:59:48.412640,16930.17,16984.84,21.507310699999994,0.0012,1.1911067,0
2022-11-11 18:59:54.136243,16864.44,16903.67,21.428434699999997,0.0012,1.1911067,0
2022-11-11 19:59:52.076893,16832.8,16734.35,21.390466699999998,0.0012,1.1911067,-1
2022-11-11 20:59:50.125555,16917.59,16829.43,21.3908027,0.0,21.3908027,0
2022-11-11 21:59:50.420757,16841.69,16890.5,21.3908027,0.0,21.3908027,1
2022-11-11 22:59:53.177547,16850.2,16939.77,21.4010987,0.0012,1.1808587,0
2022-11-11 23:59:55.937316,16614.37,16729.61,21.118102699999994,0.0012,1.1808587,0
2022-11-12 00:59:51.411785,16795.06,16737.05,21.3349307,0.0012,1.1808587,-1
2022-11-12 01:59:53.963702,16921.26,16777.97,21.3358427,0.0,21.3358427,0
2022-11-12 02:59:50.265940,17051.14,16972.05,21.3358427,0.0,21.3358427,0
2022-11-12 03:59:48.306634,16893.9,16990.31,21.3358427,0.0,21.3358427,1
2022-11-12 04:59:49.732123,16891.53,17003.45,21.332590699999997,0.0012,1.0627547,0
2022-11-12 05:59:51.358566,16895.02,16827.83,21.336778699999996,0.0012,1.0627547,-1
2022-11-12 06:59:52.476669,16903.02,16822.24,21.3369227,0.0,21.3369227,0
2022-11-12 07:59:51.236644,16748.48,16783.66,21.3369227,0.0,21.3369227,1
2022-11-12 08:59:53.747606,16694.64,16723.91,21.2705147,0.0012,1.2369467,0
2022-11-12 09:59:49.920428,16760.35,16762.79,21.349366699999997,0.0012,1.2369467,0
2022-11-12 10:59:53.279963,16823.88,16771.67,21.4256027,0.0012,1.2369467,-1
2022-11-12 11:59:54.783160,16841.14,16856.02,21.4254587,0.0,21.4254587,1
2022-11-12 23:59:54.550728,16824.41,16813.95,21.4050467,0.0012,1.2157547,-1
2022-11-13 00:59:53.206488,16820.17,16823.63,21.4048427,0.0,21.4048427,1
2022-11-13 01:59:52.479141,16836.42,16797.78,21.423207999999995,0.0012,1.219504,-1
2022-11-13 02:59:52.164972,16799.51,16800.38,21.422752,0.0,21.422752,1
2022-11-13 03:59:52.971553,16841.49,16836.81,21.472336,0.0012,1.262548,-1
2022-11-13 04:59:48.764939,16876.69,16874.8,21.472264,0.0,21.472264,0
2022-11-13 05:59:50.498189,16891.64,16877.55,21.472264,0.0,21.472264,0
2022-11-13 06:59:50.076770,16915.92,16910.29,21.472264,0.0,21.472264,0
2022-11-13 07:59:50.890602,16863.49,16900.29,21.472264,0.0,21.472264,1
2022-11-13 08:59:52.214820,16861.41,16864.75,21.468435999999997,0.0012,1.234744,0
2022-11-13 09:59:53.534193,16682.9,16695.15,21.254224,0.0012,1.234744,0
2022-11-13 10:59:54.137247,16772.18,16748.64,21.361359999999998,0.0012,1.234744,-1
2022-11-13 11:59:45.937344,16652.49,16588.97,21.36478,0.0,21.36478,0
2022-11-13 13:59:48.684610,16587.15,16577.97,21.36478,0.0,21.36478,0
2022-11-13 14:59:47.042049,16662.51,16607.32,21.36478,0.0,21.36478,0
2022-11-13 15:59:48.356249,16611.22,16578.84,21.36478,0.0,21.36478,0
2022-11-13 17:59:47.309590,16632.76,16608.92,21.36478,0.0,21.36478,0
2022-11-13 18:59:46.986315,16575.03,16556.91,21.36478,0.0,21.36478,0
2022-11-13 19:59:49.641745,16586.15,16556.31,21.36478,0.0,21.36478,0
2022-11-13 20:59:45.433023,16547.0,16483.55,21.36478,0.0,21.36478,0
2022-11-13 21:59:49.724820,16527.29,16511.19,21.36478,0.0,21.36478,0
2022-11-13 23:59:46.846942,16484.3,16473.99,21.36478,0.0,21.36478,0
2022-11-14 00:59:47.346004,16398.86,16412.56,21.36478,0.0,21.36478,1
2022-11-14 01:59:51.432374,16430.69,16425.78,21.404845999999996,0.0013,0.044949,-1
2022-11-14 02:59:52.653193,16333.16,16260.41,21.405002,0.0,21.405002,0
2022-11-14 03:59:51.629607,16262.57,16266.98,21.405002,0.0,21.405002,1
2022-11-14 04:59:49.867550,16091.69,16055.19,21.182845,0.0013,0.263648,-1
2022-11-14 05:59:50.280402,16188.85,16042.14,21.182455,0.0,21.182455,0
2022-11-14 06:59:54.072126,16145.15,16032.85,21.182455,0.0,21.182455,0
2022-11-14 07:59:51.069099,15990.77,15994.02,21.182455,0.0,21.182455,1
2022-11-14 08:59:53.299949,15865.77,15864.4,21.018824,0.0013,0.393323,-1
2022-11-14 09:59:53.505093,16638.46,16441.06,21.019253,0.0,21.019253,0
2022-11-14 10:59:52.373099,16817.73,16650.98,21.019253,0.0,21.019253,0
2022-11-14 11:59:51.536515,16766.03,16974.98,21.019253,0.0,21.019253,1
2022-11-14 12:59:51.530675,16752.79,17042.79,21.002861,0.0012,0.899513,0
2022-11-14 13:59:53.872158,16785.11,16707.13,21.041645,0.0012,0.899513,-1
2022-11-14 14:59:52.021291,16754.82,16588.4,21.040745,0.0,21.040745,0
2022-11-14 15:59:52.322137,16829.64,16717.95,21.040745,0.0,21.040745,0
2022-11-14 16:59:54.663029,16741.54,16745.53,21.040745,0.0,21.040745,1
2022-11-14 17:59:50.252151,16602.86,16743.81,20.880149,0.0012,0.956717,0
2022-11-14 18:59:47.462057,16581.25,16698.6,20.854217,0.0012,0.956717,0
2022-11-14 19:59:47.774689,16476.42,16422.86,20.728420999999997,0.0012,0.956717,-1
2022-11-14 20:59:47.561622,16576.38,16521.83,20.731301,0.0,20.731301,0
2022-11-14 21:59:52.851891,16613.08,16576.38,20.731301,0.0,20.731301,0
2022-11-14 22:59:51.226099,16257.25,16315.51,20.731301,0.0,20.731301,1
2022-11-14 23:59:46.917693,16283.76,16292.5,20.7624072,0.0012,1.2218952,0
2022-11-15 00:59:50.479215,16412.58,16269.7,20.9169912,0.0012,1.2218952,-1
2022-11-15 01:59:50.482155,16413.82,16247.85,20.9170272,0.0,20.9170272,0
2022-11-15 02:59:50.673684,16619.93,16655.37,20.9170272,0.0,20.9170272,1
2022-11-15 03:59:50.974598,16561.0,16584.47,20.8465632,0.0012,0.9733632,0
2022-11-15 04:59:49.530640,16712.43,16782.36,21.0282792,0.0012,0.9733632,0
2022-11-15 05:59:52.693284,16764.28,16751.31,21.0904992,0.0012,0.9733632,-1
2022-11-15 06:59:55.748496,16823.44,16783.62,21.0887712,0.0,21.0887712,0
2022-11-15 07:59:46.430452,16773.61,16769.18,21.0887712,0.0,21.0887712,0
2022-11-15 08:59:52.356580,16653.04,16729.94,21.0887712,0.0,21.0887712,1
2022-11-15 09:59:53.677289,16757.04,16736.61,21.2109192,0.0012,1.1024712,-1
2022-11-15 10:59:49.060661,16847.45,16806.09,21.2104032,0.0,21.2104032,0
2022-11-15 11:59:50.484670,16923.18,16975.97,21.2104032,0.0,21.2104032,1
2022-11-15 12:59:51.717244,16798.11,16919.64,21.0594432,0.0012,0.9017112,0
2022-11-15 13:59:49.646059,16876.98,16968.16,21.1540872,0.0012,0.9017112,0
2022-11-15 14:59:48.404583,16775.73,16751.02,21.0325872,0.0012,0.9017112,-1
2022-11-15 15:59:51.981327,16833.44,16810.77,21.0314598,0.0,21.0314598,0
2022-11-15 16:59:52.381526,17009.53,16962.4,21.0314598,0.0,21.0314598,0
2022-11-15 17:59:54.894769,16932.73,16974.49,21.0314598,0.0,21.0314598,1
2022-11-15 18:59:51.336465,16990.08,17075.5,21.099943800000002,0.0012,0.7118478,0
2022-11-15 19:59:49.791714,17005.59,17021.86,21.1185558,0.0012,0.7118478,0
2022-11-15 20:59:52.443949,16996.04,16989.48,21.1070958,0.0012,0.7118478,-1
2022-11-15 21:59:48.949589,16737.98,16765.72,21.1088718,0.0,21.1088718,1
2022-11-15 22:59:49.971294,16850.0,16901.78,21.2428758,0.0012,1.0228758,0
2022-11-15 23:59:48.726965,16844.16,16736.65,21.235867799999998,0.0012,1.0228758,-1
2022-11-16 00:59:50.969745,16905.05,16911.63,21.2388558,0.0,21.2388558,1
2022-11-16 01:59:51.677945,16879.97,16956.63,21.2071638,0.0012,0.9511998,0
2022-11-16 02:59:51.667637,16895.74,16938.69,21.226087800000002,0.0012,0.9511998,0
2022-11-16 03:59:50.530006,16785.06,16765.72,21.0932718,0.0012,0.9511998,-1
2022-11-16 04:59:49.599789,16854.93,16819.54,21.0937753,0.0,21.0937753,0
2022-11-16 05:59:53.072644,16944.65,16877.33,21.0937753,0.0,21.0937753,0
2022-11-16 06:59:51.832211,16969.42,16958.36,21.0937753,0.0,21.0937753,0
2022-11-16 07:59:51.309658,16910.91,16981.84,21.0937753,0.0,21.0937753,1
2022-11-16 08:59:50.584720,16921.62,16987.56,21.106687299999997,0.0012,0.8007433,0
2022-11-16 09:59:54.163000,16867.48,16888.66,21.041719299999997,0.0012,0.8007433,0
2022-11-16 10:59:51.382060,16823.38,16797.61,20.9887993,0.0012,0.8007433,-1
2022-11-16 11:59:54.036115,16788.62,16751.62,20.9887655,0.0,20.9887655,0
2022-11-16 12:59:47.164900,16746.5,16737.81,20.9887655,0.0,20.9887655,0
2022-11-16 13:59:53.094987,16727.89,16723.45,20.9887655,0.0,20.9887655,0
2022-11-16 14:59:54.732282,16703.86,16680.04,20.9887655,0.0,20.9887655,0
2022-11-16 15:59:51.639846,16661.46,16628.48,20.9887655,0.0,20.9887655,0
2022-11-16 16:59:48.454877,16508.52,16474.14,20.9887655,0.0,20.9887655,0
2022-11-16 17:59:58.480678,16486.28,16462.88,20.9887655,0.0,20.9887655,0
2022-11-16 18:59:49.766920,16438.17,16367.45,20.9887655,0.0,20.9887655,0
2022-11-16 19:59:46.070180,16500.05,16435.79,20.9887655,0.0,20.9887655,0
2022-11-16 20:59:50.670312,16576.38,16533.08,20.9887655,0.0,20.9887655,0
2022-11-16 21:59:47.688501,16551.56,16555.34,20.9887655,0.0,20.9887655,1
2022-11-16 22:59:52.391556,16559.8,16591.45,20.998735,0.0012,1.126975,0
2022-11-16 23:59:51.663366,16578.47,16559.82,21.021139,0.0012,1.126975,-1
2022-11-17 00:59:52.165271,16551.03,16499.13,21.018643,0.0,21.018643,0
2022-11-17 01:59:50.926078,16663.15,16604.73,21.018643,0.0,21.018643,0
2022-11-17 04:59:46.900309,16693.33,16752.06,21.018643,0.0,21.018643,1
2022-11-17 05:59:49.427982,16585.86,16651.18,20.889451,0.0012,0.986419,0
2022-11-17 06:59:53.437839,16523.74,16548.85,20.814907,0.0012,0.986419,0
2022-11-17 07:59:51.276124,16504.94,16458.66,20.792347,0.0012,0.986419,-1
2022-11-17 08:59:54.444016,16581.87,16525.12,20.792227,0.0,20.792227,0
2022-11-17 09:59:48.596691,16561.32,16572.52,20.792227,0.0,20.792227,1
2022-11-17 10:59:53.091878,16608.48,16651.16,20.848447,0.0012,0.918271,0
2022-11-17 11:59:47.826738,16571.07,16616.37,20.803555,0.0012,0.918271,0
2022-11-17 12:59:52.967755,16520.67,16531.11,20.743074999999997,0.0012,0.918271,0
2022-11-17 13:59:49.680288,16527.15,16496.87,20.750851,0.0012,0.918271,-1
2022-11-17 14:59:48.962641,16592.64,16520.33,20.751223,0.0,20.751223,0
2022-11-17 15:59:51.506276,16587.5,16541.66,20.751223,0.0,20.751223,0
2022-11-17 16:59:51.185331,16500.11,16555.76,20.751223,0.0,20.751223,1
2022-11-17 17:59:50.973270,16510.49,16563.26,20.764519,0.0012,0.951931,0
2022-11-17 18:59:51.171299,16543.45,16510.91,20.804070999999997,0.0012,0.951931,-1
2022-11-17 19:59:50.546987,16649.52,16613.9,20.803555,0.0,20.803555,0
2022-11-17 20:59:51.285559,16697.29,16687.76,20.803555,0.0,20.803555,0
2022-11-17 21:59:49.907028,16699.71,16782.05,20.803555,0.0,20.803555,1
2022-11-17 22:59:50.308472,16623.1,16672.51,20.711718999999995,0.0012,0.763999,0
2022-11-17 23:59:51.524586,16695.75,16686.88,20.798898999999995,0.0012,0.763999,-1
2022-11-18 00:59:52.130093,16693.1,16647.08,20.799931,0.0,20.799931,0
2022-11-18 01:59:50.992361,16715.03,16721.53,20.799931,0.0,20.799931,1
2022-11-18 02:59:51.127349,16692.43,16757.81,20.772691,0.0012,0.741775,0
2022-11-18 03:59:51.689266,16954.62,16931.26,21.087318999999997,0.0012,0.741775,-1
2022-11-18 04:59:51.436810,16893.45,16878.82,21.090367,0.0,21.090367,0
2022-11-18 05:59:51.668934,16920.62,16989.26,21.090367,0.0,21.090367,1
2022-11-18 06:59:50.125884,16860.28,16890.93,21.018210999999997,0.0012,0.785875,0
2022-11-18 07:59:49.499363,16809.79,16824.66,20.957623,0.0012,0.785875,0
2022-11-18 08:59:51.535998,16805.25,16757.93,20.952175,0.0012,0.785875,-1
2022-11-18 09:59:51.325516,16793.88,16779.96,20.952619,0.0,20.952619,0
2022-11-18 10:59:50.389854,16745.8,16767.11,20.952619,0.0,20.952619,1
2022-11-18 11:59:53.046836,16736.55,16773.86,20.940163,0.0012,0.856303,0
2022-11-18 12:59:53.447837,16739.22,16743.75,20.943367,0.0012,0.856303,0
2022-11-18 13:59:52.814344,16765.58,16756.04,20.974999,0.0012,0.856303,-1
2022-11-18 14:59:56.279529,16749.92,16736.88,20.975575,0.0,20.975575,0
2022-11-18 15:59:52.581345,16777.94,16778.23,20.975575,0.0,20.975575,1
2022-11-18 16:59:54.106312,16751.43,16739.58,20.943631,0.0012,0.841915,-1
2022-11-18 17:59:50.821286,16699.87,16688.94,20.944171,0.0,20.944171,0
2022-11-18 18:59:53.064586,16695.09,16665.87,20.944171,0.0,20.944171,0
2022-11-18 19:59:49.262198,16653.88,16650.03,20.944171,0.0,20.944171,0
2022-11-18 20:59:49.557877,16597.14,16602.13,20.944171,0.0,20.944171,1
2022-11-18 21:59:53.347948,16587.03,16555.59,20.931234999999997,0.0012,1.026799,-1
2022-11-18 22:59:53.035618,16647.05,16646.22,20.9309905,0.0,20.9309905,0
2022-11-18 23:59:51.186333,16635.02,16608.58,20.9309905,0.0,20.9309905,0
2022-11-19 00:59:53.307240,16650.7,16661.79,20.9309905,0.0,20.9309905,1
2022-11-19 01:59:50.224815,16665.4,16662.09,20.9469745,0.0012,0.9484945,-1
2022-11-19 02:59:52.468492,16698.39,16675.64,20.9467585,0.0,20.9467585,0
2022-11-19 03:59:53.696282,16665.76,16666.07,20.9467585,0.0,20.9467585,1
2022-11-19 04:59:51.838858,16665.63,16656.87,20.9466625,0.0012,0.9479065,-1
2022-11-19 05:59:51.926658,16624.28,16644.22,20.9470345,0.0,20.9470345,1
2022-11-19 06:59:51.523164,16628.89,16624.71,20.951606499999997,0.0012,0.9969385,-1
2022-11-19 07:59:49.450860,16634.26,16612.29,20.9515945,0.0,20.9515945,0
2022-11-19 08:59:49.208001,16600.07,16601.55,20.9515945,0.0,20.9515945,1
2022-11-19 09:59:55.883672,16609.26,16610.85,20.962346499999995,0.0012,1.0312345,0
2022-11-19 10:59:50.341576,16599.65,16624.69,20.9508145,0.0012,1.0312345,0
2022-11-19 11:59:49.613475,16644.55,16629.09,21.004694499999996,0.0012,1.0312345,-1
2022-11-19 12:59:50.319227,16635.11,16635.87,21.0041425,0.0,21.0041425,1
2022-11-19 13:59:51.467191,16636.59,16649.4,21.0060505,0.0012,1.0421425,0
2022-11-19 14:59:51.017999,16671.49,16655.06,21.0479305,0.0012,1.0421425,-1
2022-11-19 15:59:50.211338,16653.88,16648.37,21.0473545,0.0,21.0473545,0
2022-11-19 16:59:51.406553,16649.94,16653.56,21.0473545,0.0,21.0473545,1
2022-11-19 17:59:50.168519,16651.06,16652.55,21.0483625,0.0012,1.0670905,0
2022-11-19 18:59:52.923364,16656.36,16660.4,21.054722499999997,0.0012,1.0670905,0
2022-11-19 19:59:44.108673,16654.81,16657.69,21.0528625,0.0012,1.0670905,0
2022-11-19 20:59:51.468728,16614.68,16636.16,21.004706499999998,0.0012,1.0670905,0
2022-11-19 21:59:48.592529,16625.52,16619.3,21.017714499999997,0.0012,1.0670905,-1
2022-11-19 22:59:52.678451,16626.9,16610.09,21.0177385,0.0,21.0177385,0
2022-11-19 23:59:51.129920,16634.84,16631.07,21.0177385,0.0,21.0177385,0
2022-11-20 00:59:50.709523,16680.52,16682.85,21.0177385,0.0,21.0177385,1
2022-11-20 01:59:51.928724,16738.56,16719.95,21.087398500000003,0.0012,1.0011265,-1
2022-11-20 02:59:48.846356,16702.04,16712.19,21.0874105,0.0,21.0874105,1
2022-11-20 03:59:52.319190,16722.18,16771.96,21.1106545,0.0012,1.0440385,0
2022-11-20 04:59:49.452915,16684.85,16687.76,21.065858499999997,0.0012,1.0440385,0
2022-11-20 05:59:47.896782,16683.73,16690.05,21.064514499999998,0.0012,1.0440385,0
2022-11-20 06:59:54.336381,16679.69,16679.48,21.059666499999995,0.0012,1.0440385,-1
2022-11-20 07:59:51.461641,16684.24,16683.33,21.0594985,0.0,21.0594985,0
2022-11-20 08:59:49.196195,16688.41,16712.29,21.0594985,0.0,21.0594985,1
2022-11-20 09:59:49.699813,16688.21,16714.71,21.059174499999997,0.0012,1.0333225,0
2022-11-20 10:59:51.840572,16721.33,16697.17,21.0989185,0.0012,1.0333225,-1
2022-11-20 11:59:53.260531,16617.61,16643.0,21.0986545,0.0,21.0986545,1
2022-11-20 12:59:49.155572,16628.64,16646.88,21.1113985,0.0012,1.1570305,0
2022-11-20 13:59:53.854615,16628.51,16581.03,21.111242499999996,0.0012,1.1570305,-1
2022-11-20 14:59:51.429305,16525.93,16506.14,21.1112305,0.0,21.1112305,0
2022-11-20 16:59:53.107914,16585.26,16547.18,21.1112305,0.0,21.1112305,0
2022-11-20 17:59:50.981459,16550.5,16507.08,21.1112305,0.0,21.1112305,0
2022-11-20 18:59:50.218568,16581.85,16598.66,21.1112305,0.0,21.1112305,1
2022-11-20 19:59:49.697515,16584.45,16584.67,21.114074499999997,0.0012,1.2127345,0
2022-11-20 20:59:49.995766,16550.39,16553.69,21.073202499999997,0.0012,1.2127345,0
2022-11-20 21:59:50.802030,16584.3,16562.16,21.113894499999997,0.0012,1.2127345,-1
2022-11-20 22:59:49.153890,16587.18,16547.08,21.1137141,0.0,21.1137141,0
2022-11-21 00:59:50.385585,16272.97,16265.29,21.1137141,0.0,21.1137141,0
2022-11-21 02:59:49.728235,16284.14,16176.68,21.1137141,0.0,21.1137141,0
2022-11-21 03:59:49.664947,16266.87,16223.35,21.1137141,0.0,21.1137141,0
2022-11-21 04:59:51.856469,16215.78,16239.85,21.1137141,0.0,21.1137141,1
2022-11-21 05:59:52.022720,16014.0,16038.1,20.852362099999997,0.0013,0.0341621,0
2022-11-21 06:59:51.117938,16074.91,16015.95,20.931545099999997,0.0013,0.0341621,-1
2022-11-21 07:59:47.014611,16148.59,16006.7,20.9319481,0.0,20.9319481,0
2022-11-21 08:59:51.724063,16227.55,16128.25,20.9319481,0.0,20.9319481,0
2022-11-21 09:59:51.538384,16094.59,16117.5,20.9319481,0.0,20.9319481,1
2022-11-21 10:59:51.285075,16031.8,16082.07,20.8506981,0.0013,0.0093581,0
2022-11-21 11:59:46.974968,16034.34,15963.66,20.8540001,0.0013,0.0093581,-1
2022-11-21 12:59:47.886868,16113.0,16019.58,20.8546371,0.0,20.8546371,0
2022-11-21 13:59:49.513959,16132.85,16079.01,20.8546371,0.0,20.8546371,0
2022-11-21 16:59:49.321235,16174.05,16151.44,20.8546371,0.0,20.8546371,0
2022-11-21 17:59:51.726255,16165.17,16138.17,20.8546371,0.0,20.8546371,0
2022-11-21 19:59:47.094980,16036.11,16046.65,20.8546371,0.0,20.8546371,1
2022-11-21 20:59:50.158055,16017.43,15994.58,20.8288971,0.0013,0.0062381,-1
2022-11-21 21:59:50.883533,15972.23,15934.6,20.8285419,0.0,20.8285419,0
2022-11-21 22:59:46.877706,15726.25,15694.55,20.8285419,0.0,20.8285419,0
2022-11-21 23:59:51.864521,15786.9,15837.61,20.8285419,0.0,20.8285419,1
2022-11-22 00:59:58.029741,15654.67,15595.66,20.6563049,0.0013,0.3052339,-1
2022-11-22 01:59:54.303970,15740.0,15712.2,20.6511829,0.0,20.6511829,0
2022-11-22 02:59:50.914626,15779.66,15761.06,20.6511829,0.0,20.6511829,0
2022-11-22 03:59:48.140299,15869.01,15843.34,20.6511829,0.0,20.6511829,0
2022-11-22 04:59:57.139744,15812.8,15831.29,20.6511829,0.0,20.6511829,1
2022-11-22 05:59:52.624666,15901.87,15883.99,20.7659469,0.0013,0.0935159,-1
2022-11-22 06:59:44.559897,15844.7,15807.11,20.7641139,0.0,20.7641139,0
2022-11-22 07:59:53.531958,15820.05,15752.03,20.7641139,0.0,20.7641139,0
2022-11-22 08:59:55.158217,15803.0,15818.16,20.7641139,0.0,20.7641139,1
2022-11-22 09:59:51.257876,15692.59,15671.53,20.6197749,0.0013,0.2194079,-1
2022-11-22 10:59:54.935302,15760.4,15750.21,20.6189689,0.0,20.6189689,0
2022-11-22 11:59:50.216176,15727.47,15709.78,20.6189689,0.0,20.6189689,0
2022-11-22 12:59:50.266990,15688.38,15686.7,20.6189689,0.0,20.6189689,0
2022-11-22 13:59:53.984592,15797.89,15827.4,20.6189689,0.0,20.6189689,1
2022-11-22 14:59:51.619414,15749.96,15733.47,20.5562829,0.0013,0.0813349,-1
2022-11-22 15:59:53.456370,15834.93,15822.16,20.5582589,0.0,20.5582589,0
2022-11-22 16:59:49.887380,16171.07,16159.52,20.5582589,0.0,20.5582589,0
2022-11-22 17:59:49.443039,16116.67,16068.75,20.5582589,0.0,20.5582589,0
2022-11-22 18:59:50.959543,16234.94,16346.89,20.5582589,0.0,20.5582589,1
2022-11-22 19:59:51.875972,16169.59,16238.16,20.4783269,0.0012,1.0748189,0
2022-11-22 20:59:51.144000,16088.68,16096.09,20.3812349,0.0012,1.0748189,0
2022-11-22 22:59:49.944835,16167.42,16116.89,20.475722899999997,0.0012,1.0748189,-1
2022-11-22 23:59:46.456055,16137.47,16174.82,20.4749549,0.0,20.4749549,1
2022-11-23 00:59:53.815516,16151.34,16275.83,20.4918029,0.0012,1.1101949,0
2022-11-23 01:59:56.572033,16182.01,16257.68,20.5286069,0.0012,1.1101949,0
2022-11-23 02:59:50.004952,16222.18,16192.16,20.576810899999998,0.0012,1.1101949,-1
2022-11-23 03:59:56.348071,16181.93,16187.34,20.5767869,0.0,20.5767869,1
2022-11-23 04:59:51.971300,16220.18,16236.12,20.6227349,0.0012,1.1585189,0
2022-11-23 05:59:54.481178,16503.72,16522.55,20.9629829,0.0012,1.1585189,0
2022-11-23 06:59:52.415339,16579.1,16578.95,21.053438899999996,0.0012,1.1585189,-1
2022-11-23 07:59:57.118531,16510.15,16605.96,21.0518789,0.0,21.0518789,1
2022-11-23 08:59:52.708744,16463.04,16535.4,20.994998900000002,0.0012,1.2393509,0
2022-11-23 09:59:51.467158,16502.36,16463.98,21.0421829,0.0012,1.2393509,-1
2022-11-23 10:59:50.303465,16580.47,16495.54,21.0416309,0.0,21.0416309,0
2022-11-23 11:59:51.345327,16542.55,16586.04,21.0416309,0.0,21.0416309,1
2022-11-23 12:59:53.607081,16562.88,16675.09,21.0660389,0.0012,1.1905829,0
2022-11-23 13:59:50.912377,16611.35,16686.49,21.124202899999997,0.0012,1.1905829,0
2022-11-23 14:59:50.902432,16584.2,16607.2,21.091622899999997,0.0012,1.1905829,0
2022-11-23 15:59:50.843919,16519.25,16543.46,21.013682899999996,0.0012,1.1905829,0
2022-11-23 16:59:51.396311,16394.03,16404.55,20.863418899999996,0.0012,1.1905829,0
2022-11-23 17:59:51.794948,16460.93,16414.77,20.943698899999998,0.0012,1.1905829,-1
2022-11-23 18:59:49.124778,16424.3,16381.07,20.9457629,0.0,20.9457629,0
2022-11-23 21:59:52.164982,16538.75,16444.97,20.9457629,0.0,20.9457629,0
2022-11-23 22:59:53.277949,16474.4,16457.27,20.9457629,0.0,20.9457629,0
2022-11-23 23:59:51.629266,16604.19,16633.83,20.9457629,0.0,20.9457629,1
2022-11-24 00:59:48.549877,16483.84,16529.1,20.799938899999997,0.0012,1.0193309,0
2022-11-24 01:59:50.273490,16512.36,16500.6,20.8341629,0.0012,1.0193309,-1
2022-11-24 02:59:49.445623,16613.79,16591.72,20.8341486,0.0,20.8341486,0
2022-11-24 03:59:51.185128,16557.94,16520.95,20.8341486,0.0,20.8341486,0
2022-11-24 04:59:49.936821,16753.62,16808.4,20.8341486,0.0,20.8341486,1
2022-11-24 05:59:49.939008,16693.36,16769.95,20.7611146,0.0012,0.7290826,0
2022-11-24 06:59:52.478560,16715.39,16740.41,20.7875506,0.0012,0.7290826,0
2022-11-24 07:59:53.497622,16696.41,16739.79,20.7647746,0.0012,0.7290826,0
2022-11-24 08:59:53.816765,16655.74,16643.08,20.715970600000002,0.0012,0.7290826,-1
2022-11-24 09:59:51.653928,16714.92,16661.44,20.7150466,0.0,20.7150466,0
2022-11-24 10:59:53.587413,16624.21,16657.32,20.7150466,0.0,20.7150466,1
2022-11-24 11:59:51.424701,16590.23,16611.84,20.6748466,0.0012,0.7665706,0
2022-11-24 12:59:52.436857,16599.99,16597.35,20.6865586,0.0012,0.7665706,-1
2022-11-24 13:59:53.456245,16558.91,16544.77,20.6868826,0.0,20.6868826,0
2022-11-24 14:59:47.807568,16573.62,16550.92,20.6868826,0.0,20.6868826,0
2022-11-24 16:59:50.982110,16582.71,16554.75,20.6868826,0.0,20.6868826,0
2022-11-24 17:59:51.280653,16532.75,16525.18,20.6868826,0.0,20.6868826,0
2022-11-24 18:59:51.270311,16554.98,16565.74,20.6868826,0.0,20.6868826,1
2022-11-24 19:59:48.599571,16623.94,16609.79,20.768038599999997,0.0012,0.8193106,-1
2022-11-24 20:59:52.272189,16589.47,16599.27,20.7713986,0.0,20.7713986,1
2022-11-24 21:59:48.987529,16583.19,16614.11,20.763850599999994,0.0012,0.8640226,0
2022-11-24 22:59:46.220103,16570.87,16594.91,20.749066599999995,0.0012,0.8640226,0
2022-11-24 23:59:52.956806,16568.72,16531.89,20.746486599999997,0.0012,0.8640226,-1
2022-11-25 00:59:51.611266,16552.74,16543.21,20.7433306,0.0,20.7433306,0
2022-11-25 01:59:50.085344,16613.42,16622.43,20.7433306,0.0,20.7433306,1
2022-11-25 02:59:49.947460,16603.49,16600.97,20.7313786,0.0012,0.8071906,-1
2022-11-25 03:59:49.834520,16527.77,16575.87,20.7305746,0.0,20.7305746,1
2022-11-25 04:59:49.416588,16525.65,16531.86,20.727610600000002,0.0012,0.8968306,0
2022-11-25 05:59:52.895504,16524.88,16484.58,20.7266866,0.0012,0.8968306,-1
2022-11-25 06:59:51.052849,16486.22,16475.77,20.7269006,0.0,20.7269006,0
2022-11-25 07:59:50.512511,16391.98,16372.98,20.7269006,0.0,20.7269006,0
2022-11-25 08:59:51.828181,16365.26,16373.61,20.7269006,0.0,20.7269006,1
2022-11-25 09:59:50.692223,16425.75,16401.63,20.800184599999998,0.0012,1.0892846,-1
2022-11-25 10:59:51.195974,16462.21,16418.51,20.8001038,0.0,20.8001038,0
2022-11-25 11:59:51.284566,16449.69,16464.79,20.8001038,0.0,20.8001038,1
2022-11-25 12:59:50.251562,16441.16,16488.67,20.7899878,0.0012,1.0605958,0
2022-11-25 13:59:51.494694,16478.6,16464.6,20.834915799999997,0.0012,1.0605958,-1
2022-11-25 14:59:52.177028,16531.23,16488.38,20.8342318,0.0,20.8342318,0
2022-11-25 15:59:51.038957,16507.01,16489.49,20.8342318,0.0,20.8342318,0
2022-11-25 16:59:47.803648,16489.35,16518.87,20.8342318,0.0,20.8342318,1
2022-11-25 17:59:47.433700,16536.61,16553.35,20.890703799999997,0.0012,1.0467718,0
2022-11-25 18:59:52.136325,16509.36,16499.05,20.8580038,0.0012,1.0467718,-1
2022-11-25 19:59:49.561083,16487.2,16512.46,20.8581118,0.0,20.8581118,1
2022-11-25 20:59:46.070528,16511.28,16529.68,20.887223799999994,0.0012,1.0736878,0
2022-11-25 21:59:48.387790,16496.43,16489.52,20.8694038,0.0012,1.0736878,-1
2022-11-25 22:59:49.631787,16523.54,16519.58,20.8695118,0.0,20.8695118,0
2022-11-25 23:59:47.878211,16527.1,16534.67,20.8695118,0.0,20.8695118,1
2022-11-26 00:59:52.684007,16501.54,16510.53,20.8381798,0.0012,1.0363318,0
2022-11-26 01:59:49.699424,16527.65,16511.66,20.869511799999998,0.0012,1.0363318,-1
2022-11-26 02:59:51.125884,16519.3,16525.16,20.8694518,0.0,20.8694518,1
2022-11-26 03:59:53.368163,16579.33,16573.6,20.941523800000002,0.0012,1.0463278,-1
2022-11-26 04:59:47.930771,16631.93,16617.05,20.9406238,0.0,20.9406238,0
2022-11-26 05:59:48.329370,16628.86,16660.3,20.9406238,0.0,20.9406238,1
2022-11-26 06:59:49.242385,16624.87,16680.16,20.9357008,0.0012,0.9858568,0
2022-11-26 07:59:49.233717,16630.61,16640.95,20.9425888,0.0012,0.9858568,0
2022-11-26 08:59:51.782661,16625.02,16616.4,20.9358808,0.0012,0.9858568,-1
2022-11-26 09:59:48.288232,16558.76,16566.39,20.9361208,0.0,20.9361208,1
2022-11-26 10:59:52.168093,16586.13,16609.95,20.9692768,0.0012,1.0659208,0
2022-11-26 11:59:52.572702,16572.0,16571.55,20.9523208,0.0012,1.0659208,-1
2022-11-26 12:59:52.863713,16589.45,16607.16,20.9517328,0.0,20.9517328,1
2022-11-26 13:59:53.671951,16595.48,16614.14,20.958788799999997,0.0012,1.0442128,0
2022-11-26 14:59:48.651228,16582.49,16592.33,20.9432008,0.0012,1.0442128,0
2022-11-26 15:59:53.243754,16581.03,16587.1,20.941448799999996,0.0012,1.0442128,0
2022-11-26 16:59:51.595470,16596.16,16571.0,20.959604799999997,0.0012,1.0442128,-1
2022-11-26 17:59:52.300416,16564.67,16548.67,20.9607328,0.0,20.9607328,0
2022-11-26 18:59:50.346395,16514.41,16505.08,20.9607328,0.0,20.9607328,0
2022-11-26 19:59:57.192789,16507.62,16507.96,20.9607328,0.0,20.9607328,1
2022-11-26 20:59:53.294316,16517.74,16504.76,20.9736208,0.0012,1.1523328,-1
2022-11-26 21:59:46.732093,16477.71,16464.67,20.9734408,0.0,20.9734408,0
2022-11-26 22:59:45.084748,16486.8,16497.71,20.9734408,0.0,20.9734408,1
2022-11-26 23:59:46.298170,16502.01,16487.45,20.991092799999997,0.0012,1.1886808,-1
2022-11-27 00:59:45.368191,16516.93,16499.81,20.9900608,0.0,20.9900608,0
2022-11-27 02:59:49.646586,16458.87,16449.67,20.9900608,0.0,20.9900608,0
2022-11-27 03:59:50.536909,16463.92,16402.97,20.9900608,0.0,20.9900608,0
2022-11-27 04:59:50.752477,16482.8,16459.41,20.9900608,0.0,20.9900608,0
2022-11-27 05:59:51.149869,16528.3,16540.04,20.9900608,0.0,20.9900608,1
2022-11-27 06:59:52.370843,16527.54,16566.27,20.988224799999998,0.0012,1.1551768,0
2022-11-27 07:59:52.873194,16566.39,16598.08,21.0348448,0.0012,1.1551768,0
2022-11-27 08:59:47.743625,16537.27,16544.18,20.9999008,0.0012,1.1551768,0
2022-11-27 09:59:50.088100,16556.89,16552.11,21.023444799999996,0.0012,1.1551768,-1
2022-11-27 10:59:49.361766,16564.12,16552.03,21.0234568,0.0,21.0234568,0
2022-11-27 11:59:51.091806,16531.29,16517.61,21.0234568,0.0,21.0234568,0
2022-11-27 12:59:49.135395,16524.64,16534.85,21.0234568,0.0,21.0234568,1
2022-11-27 13:59:45.953713,16543.36,16557.21,21.0468448,0.0012,1.1948128,0
2022-11-27 14:59:54.848539,16551.69,16545.86,21.056840799999996,0.0012,1.1948128,-1
2022-11-27 15:59:52.930394,16560.45,16569.92,21.0573568,0.0,21.0573568,1
2022-11-27 16:59:53.342831,16540.29,16559.34,21.0328408,0.0012,1.1844928,0
2022-11-27 17:59:51.745519,16540.26,16551.77,21.032804799999997,0.0012,1.1844928,0
2022-11-27 18:59:45.079253,16571.0,16553.61,21.0696928,0.0012,1.1844928,-1
2022-11-27 19:59:46.178315,16537.71,16529.57,21.0698968,0.0,21.0698968,0
2022-11-27 20:59:45.631268,16530.61,16547.56,21.0698968,0.0,21.0698968,1
2022-11-27 21:59:45.209209,16565.72,16565.08,21.1116688,0.0012,1.2328048,-1
2022-11-27 22:59:44.585139,16555.83,16521.56,21.1109728,0.0,21.1109728,0
2022-11-27 23:59:47.750987,16558.92,16583.89,21.1109728,0.0,21.1109728,1
2022-11-28 00:59:47.328703,16579.92,16612.49,21.136328899999995,0.0012,1.2404249,0
2022-11-28 01:59:49.881764,16574.75,16583.05,21.1301249,0.0012,1.2404249,0
2022-11-28 02:59:53.353881,16426.81,16483.86,20.9525969,0.0012,1.2404249,0
2022-11-28 03:59:52.422472,16448.64,16450.73,20.9787929,0.0012,1.2404249,0
2022-11-28 04:59:50.051492,16145.6,16091.41,20.6151449,0.0012,1.2404249,-1
2022-11-28 05:59:50.470222,16115.91,16095.81,20.6176169,0.0,20.6176169,0
2022-11-28 06:59:50.861369,16178.26,16131.33,20.6176169,0.0,20.6176169,0
2022-11-28 07:59:55.843992,16210.83,16163.73,20.6176169,0.0,20.6176169,0
2022-11-28 09:59:53.795230,16208.42,16257.66,20.6176169,0.0,20.6176169,1
2022-11-28 10:59:51.430039,16228.38,16178.01,20.641340899999996,0.0012,1.1672849,-1
2022-11-28 11:59:53.474019,16233.09,16171.65,20.6409749,0.0,20.6409749,0
2022-11-28 12:59:52.566012,16217.67,16148.14,20.6409749,0.0,20.6409749,0
2022-11-28 13:59:51.196135,16197.31,16157.4,20.6409749,0.0,20.6409749,0
2022-11-28 14:59:52.217247,16218.34,16200.56,20.6409749,0.0,20.6409749,0
2022-11-28 15:59:51.688175,16187.09,16166.0,20.6409749,0.0,20.6409749,0
2022-11-28 16:59:51.677592,16181.9,16173.51,20.6409749,0.0,20.6409749,0
2022-11-28 17:59:49.623987,16218.08,16211.17,20.6409749,0.0,20.6409749,0
2022-11-28 19:59:46.427466,16312.16,16392.95,20.6409749,0.0,20.6409749,1
2022-11-28 20:59:47.340907,16203.32,16208.9,20.510572099999997,0.0012,1.0665881,0
2022-11-28 21:59:47.417663,16160.7,16190.73,20.4594281,0.0012,1.0665881,0
2022-11-28 22:59:52.243465,16222.15,16253.19,20.533168099999997,0.0012,1.0665881,0
2022-11-28 23:59:46.802576,16264.79,16204.23,20.5843361,0.0012,1.0665881,-1
2022-11-29 00:59:56.323862,16205.94,16213.13,20.5846721,0.0,20.5846721,1
2022-11-29 01:59:52.417894,16218.1,16263.97,20.5993241,0.0012,1.1376041,0
2022-11-29 02:59:53.328857,16214.12,16200.03,20.5945481,0.0012,1.1376041,-1
2022-11-29 03:59:49.742381,16178.18,16178.61,20.5941401,0.0,20.5941401,1
2022-11-29 04:59:50.649770,16249.78,16257.61,20.6796941,0.0012,1.1799581,0
2022-11-29 05:59:51.253590,16265.18,16258.73,20.6981741,0.0012,1.1799581,-1
2022-11-29 06:59:51.448529,16283.53,16295.2,20.6975621,0.0,20.6975621,1
2022-11-29 07:59:49.905017,16433.32,16464.83,20.876841299999995,0.0012,1.1568573,0
2022-11-29 08:59:50.716564,16478.4,16508.69,20.9309373,0.0012,1.1568573,0
2022-11-29 09:59:46.917672,16465.21,16483.59,20.915109299999997,0.0012,1.1568573,0
2022-11-29 10:59:50.289033,16465.17,16495.79,20.915061299999994,0.0012,1.1568573,0
2022-11-29 11:59:55.194179,16497.3,16481.5,20.953617299999998,0.0012,1.1568573,-1
2022-11-29 12:59:49.658932,16518.83,16512.92,20.9536413,0.0,20.9536413,0
2022-11-29 13:59:51.593976,16503.28,16530.83,20.9536413,0.0,20.9536413,1
2022-11-29 14:59:54.143680,16494.96,16545.63,20.943729299999998,0.0012,1.1497773,0
2022-11-29 15:59:50.961961,16488.24,16521.43,20.9356653,0.0012,1.1497773,0
2022-11-29 16:59:49.827034,16412.44,16427.92,20.844705299999998,0.0012,1.1497773,0
2022-11-29 17:59:54.262284,16363.87,16354.74,20.7864213,0.0012,1.1497773,-1
2022-11-29 18:59:49.402652,16393.77,16359.99,20.7865173,0.0,20.7865173,0
2022-11-29 19:59:52.663576,16410.64,16380.2,20.7865173,0.0,20.7865173,0
2022-11-29 20:59:49.272706,16379.28,16389.87,20.7865173,0.0,20.7865173,1
2022-11-29 21:59:46.516262,16418.24,16446.7,20.8325373,0.0012,1.1306493,0
2022-11-29 22:59:53.245981,16427.2,16409.76,20.843289300000002,0.0012,1.1306493,-1
2022-11-29 23:59:49.961660,16494.58,16456.63,20.8432923,0.0,20.8432923,0
2022-11-30 00:59:55.482371,16465.67,16451.74,20.8432923,0.0,20.8432923,0
2022-11-30 01:59:50.451774,16497.88,16506.05,20.8432923,0.0,20.8432923,1
2022-11-30 02:59:56.801534,16442.72,16461.22,20.7745923,0.0012,1.0433283,0
2022-11-30 03:59:46.987365,16848.45,16860.53,21.261468299999997,0.0012,1.0433283,0
2022-11-30 04:59:50.935988,16881.77,16841.58,21.301452299999998,0.0012,1.0433283,-1
2022-11-30 05:59:52.972923,16967.44,17109.39,21.3002763,0.0,21.3002763,1
2022-11-30 06:59:49.075293,16848.7,16970.6,21.157877699999997,0.0012,0.9394377,0
2022-11-30 07:59:54.080015,16878.23,16869.89,21.193313699999997,0.0012,0.9394377,-1
2022-11-30 08:59:52.023217,16865.93,16794.0,21.1930137,0.0,21.1930137,0
2022-11-30 09:59:50.989005,16860.77,16834.28,21.1930137,0.0,21.1930137,0
2022-11-30 10:59:52.002987,16883.67,16918.47,21.1930137,0.0,21.1930137,1
2022-11-30 11:59:51.141621,16892.3,16963.96,21.203369699999996,0.0012,0.9326097,0
2022-11-30 12:59:50.958183,16880.04,16944.18,21.1886577,0.0012,0.9326097,0
2022-11-30 13:59:50.335909,16865.34,16888.03,21.1710177,0.0012,0.9326097,0
2022-11-30 14:59:53.296693,16878.93,16873.35,21.1873257,0.0012,0.9326097,-1
2022-11-30 15:59:53.176932,16778.97,16784.03,21.1875657,0.0,21.1875657,1
2022-11-30 16:59:48.465108,16809.98,16795.21,21.2213577,0.0012,1.0493817,-1
2022-11-30 17:59:57.258503,16845.28,16820.83,21.2212257,0.0,21.2212257,0
2022-11-30 18:59:49.464531,16861.58,16828.43,21.2212257,0.0,21.2212257,0
2022-11-30 19:59:52.114326,16862.98,16883.66,21.2212257,0.0,21.2212257,1
2022-11-30 20:59:49.750577,16790.16,16834.38,21.133841699999998,0.0012,0.9856497,0
2022-11-30 21:59:47.280904,16927.45,16922.84,21.298589699999997,0.0012,0.9856497,-1
2022-11-30 22:59:46.657247,17051.62,16990.52,21.2991537,0.0,21.2991537,0
2022-11-30 23:59:46.955711,17090.73,17087.21,21.2991537,0.0,21.2991537,0
2022-12-01 00:59:55.955427,17106.42,17196.25,21.2991537,0.0,21.2991537,1
2022-12-01 01:59:50.007403,17158.24,17180.33,21.360377699999997,0.0012,0.7704897,0
2022-12-01 02:59:51.326081,17164.09,17155.95,21.367397699999998,0.0012,0.7704897,-1
2022-12-01 03:59:51.522247,17160.64,17155.75,21.3668337,0.0,21.3668337,0
2022-12-01 04:59:54.482956,17116.3,17103.15,21.3668337,0.0,21.3668337,0
2022-12-01 05:59:51.489715,17124.2,17173.63,21.3668337,0.0,21.3668337,1
2022-12-01 06:59:50.983570,17149.98,17173.57,21.397769699999998,0.0012,0.8177937,0
2022-12-01 07:59:50.561868,17140.2,17171.09,21.3860337,0.0012,0.8177937,0
2022-12-01 08:59:47.071549,17113.77,17157.15,21.3543177,0.0012,0.8177937,0
2022-12-01 09:59:53.614842,17119.61,17151.2,21.3613257,0.0012,0.8177937,0
2022-12-01 10:59:51.450576,17083.34,17070.43,21.317801699999997,0.0012,0.8177937,-1
2022-12-01 11:59:48.371191,17110.72,17088.68,21.3172257,0.0,21.3172257,0
2022-12-01 12:59:52.764279,17110.58,17080.07,21.3172257,0.0,21.3172257,0
2022-12-01 13:59:50.204141,17094.85,17111.22,21.3172257,0.0,21.3172257,1
2022-12-01 14:59:50.489703,17104.1,17112.68,21.3278097,0.0012,0.8028897,0
2022-12-01 15:59:47.905411,17138.75,17136.15,21.3693897,0.0012,0.8028897,-1
2022-12-01 16:59:48.524995,17089.46,17083.13,21.3688257,0.0,21.3688257,0
2022-12-01 17:59:52.609309,17106.65,17124.19,21.3688257,0.0,21.3688257,1
2022-12-01 18:59:52.292698,16977.7,16966.2,21.2125977,0.0012,0.8393577,-1
2022-12-01 19:59:53.001399,16982.97,16991.79,21.2103297,0.0,21.2103297,1
2022-12-01 20:59:45.314776,16968.27,16917.23,21.192582599999998,0.0012,0.8306586,-1
2022-12-01 21:59:46.531316,16932.53,16906.68,21.1920666,0.0,21.1920666,0
2022-12-01 22:59:45.803804,16950.33,16949.05,21.1920666,0.0,21.1920666,0
2022-12-01 23:59:49.581039,16909.96,16919.19,21.1920666,0.0,21.1920666,1
2022-12-02 00:59:54.486253,16931.13,16919.82,21.2170506,0.0012,0.8996946,-1
2022-12-02 01:59:51.265234,16964.93,16946.05,21.2167866,0.0,21.2167866,0
2022-12-02 02:59:46.280865,16977.14,16925.67,21.2167866,0.0,21.2167866,0
2022-12-02 03:59:48.309312,17037.4,17019.51,21.2167866,0.0,21.2167866,0
2022-12-02 04:59:51.986324,16922.56,16957.01,21.2167866,0.0,21.2167866,1
2022-12-02 05:59:50.559283,16917.31,16930.27,21.2107146,0.0012,0.9099426,0
2022-12-02 06:59:51.250475,16900.83,16878.16,21.190938600000003,0.0012,0.9099426,-1
2022-12-02 07:59:51.752990,16928.21,16883.83,21.1907106,0.0,21.1907106,0
2022-12-06 09:59:50.906410,17001.6,16994.69,21.1907106,0.0,21.1907106,0
2022-12-06 10:59:58.477774,17001.41,17007.06,21.1907106,0.0,21.1907106,1
2022-12-06 11:59:51.504390,17032.45,17066.45,21.227958599999997,0.0012,0.7890186,0
2022-12-06 12:59:50.680349,16972.87,17007.66,21.156462599999994,0.0012,0.7890186,0
2022-12-06 13:59:50.972628,16967.83,16971.73,21.150414599999998,0.0012,0.7890186,0
2022-12-06 14:59:51.470987,16983.7,16971.33,21.1694586,0.0012,0.7890186,-1
2022-12-06 15:59:48.620381,16996.41,16988.11,21.1690266,0.0,21.1690266,0
2022-12-06 16:59:54.728876,16985.83,16980.91,21.1690266,0.0,21.1690266,0
2022-12-06 17:59:51.644682,16976.63,17001.55,21.1690266,0.0,21.1690266,1
2022-12-06 18:59:49.791738,16983.54,16979.81,21.1773377,0.0012,0.7970897,-1
2022-12-06 19:59:49.888860,16986.71,16984.53,21.1773497,0.0,21.1773497,0
2022-12-06 20:59:52.232786,16961.24,16953.6,21.1773497,0.0,21.1773497,0
2022-12-06 21:59:52.835017,16974.35,16976.41,21.1773497,0.0,21.1773497,1
2022-12-06 22:59:53.439898,16971.23,16978.79,21.1732457,0.0012,0.8077697,0
2022-12-06 23:59:54.041972,16993.95,16965.74,21.2005097,0.0012,0.8077697,-1
2022-12-07 00:59:54.653022,16993.43,17003.26,21.2003657,0.0,21.2003657,1
2022-12-07 01:59:53.409503,16973.84,16980.77,21.176340699999997,0.0012,0.8077327,0
2022-12-07 02:59:50.023995,17085.82,17079.92,21.310716699999997,0.0012,0.8077327,-1
2022-12-07 03:59:48.823444,17067.58,17074.54,21.3101527,0.0,21.3101527,1
2022-12-07 04:59:50.001807,17042.02,17070.8,21.279732699999997,0.0012,0.8293087,0
2022-12-07 05:59:50.298355,17055.52,17083.22,21.295932699999998,0.0012,0.8293087,0
2022-12-07 06:59:49.571964,17024.86,17031.66,21.259140699999996,0.0012,0.8293087,0
2022-12-07 07:59:54.083451,17040.35,17032.41,21.277728699999994,0.0012,0.8293087,-1
2022-12-07 08:59:50.492106,17004.29,16987.61,21.2773327,0.0,21.2773327,0
2022-12-07 09:59:51.397747,16952.37,16949.56,21.2773327,0.0,21.2773327,0
2022-12-07 10:59:51.474352,16764.69,16764.93,21.2773327,0.0,21.2773327,1
2022-12-07 11:59:52.463273,16795.98,16781.85,21.314922699999997,0.0012,1.1597467,-1
2022-12-07 12:59:52.635469,16833.48,16742.22,21.3129023,0.0,21.3129023,0
2022-12-07 13:59:53.199883,16824.46,16780.42,21.3129023,0.0,21.3129023,0
2022-12-07 14:59:54.722770,16793.96,16837.46,21.3129023,0.0,21.3129023,1
2022-12-07 15:59:51.540900,16794.23,16813.74,21.3131183,0.0012,1.1600423,0
2022-12-07 16:59:55.830296,16855.98,16798.6,21.387218299999997,0.0012,1.1600423,-1
2022-12-07 17:59:52.031993,16838.63,16798.24,21.3862103,0.0,21.3862103,0
2022-12-07 18:59:52.124633,16836.84,16821.82,21.3862103,0.0,21.3862103,0
2022-12-07 19:59:59.694264,16811.47,16797.98,21.3862103,0.0,21.3862103,0
2022-12-07 20:59:58.454342,16806.42,16799.8,21.3862103,0.0,21.3862103,0
2022-12-07 21:59:51.377037,16784.74,16787.58,21.3862103,0.0,21.3862103,1
2022-12-07 22:59:55.617542,16814.8,16799.64,21.422666299999996,0.0012,1.2449063,-1
2022-12-07 23:59:53.097223,16825.66,16833.23,21.4225225,0.0,21.4225225,1
2022-12-08 00:59:51.350100,16831.19,16858.39,21.429242499999994,0.0012,1.2318145,0
2022-12-08 01:59:53.512453,16844.16,16866.17,21.444806499999995,0.0012,1.2318145,0
2022-12-08 02:59:51.328842,16836.87,16849.07,21.436058499999994,0.0012,1.2318145,0
2022-12-08 03:59:51.726455,16811.04,16829.28,21.4050625,0.0012,1.2318145,0
2022-12-08 04:59:55.504803,16830.48,16819.52,21.428390499999995,0.0012,1.2318145,-1
2022-12-08 05:59:55.393777,16842.49,16822.0,21.4284745,0.0,21.4284745,0
2022-12-08 06:59:50.877714,16833.8,16835.73,21.4284745,0.0,21.4284745,1
2022-12-08 07:59:52.711681,16817.22,16845.17,21.4085185,0.0012,1.2278545,0
2022-12-08 08:59:52.087383,16817.53,16838.69,21.408890499999995,0.0012,1.2278545,0
2022-12-08 09:59:49.656801,16803.07,16795.56,21.391538499999996,0.0012,1.2278545,-1
2022-12-08 10:59:51.148029,16825.8,16812.43,21.3911185,0.0,21.3911185,0
2022-12-08 11:59:51.236762,16832.47,16845.31,21.3911185,0.0,21.3911185,1
2022-12-08 12:59:50.844866,16803.96,16792.41,21.356414499999996,0.0012,1.1916625,-1
2022-12-08 13:59:51.725476,16822.47,16823.29,21.3566185,0.0,21.3566185,1
2022-12-08 14:59:48.746170,16848.28,16833.46,21.3877705,0.0012,1.1698345,-1
2022-12-08 15:59:54.165363,16828.34,16814.35,21.3858985,0.0,21.3858985,0
2022-12-08 16:59:53.047990,16854.02,16866.38,21.3858985,0.0,21.3858985,1
2022-12-08 17:59:48.863224,16896.77,16862.94,21.4376545,0.0012,1.1615305,-1
2022-12-08 18:59:46.864440,16917.27,16914.51,21.4348105,0.0,21.4348105,0
2022-12-08 19:59:51.665790,16947.56,16978.24,21.4348105,0.0,21.4348105,1
2022-12-08 20:59:52.582649,16967.5,16987.07,21.4581265,0.0012,1.0971265,0
2022-12-08 21:59:52.355708,17245.43,17254.82,21.791642500000002,0.0012,1.0971265,0
2022-12-08 22:59:51.639070,17251.3,17273.82,21.798686499999995,0.0012,1.0971265,0
2022-12-08 23:59:52.347467,17193.11,17274.63,21.7288585,0.0012,1.0971265,0
2022-12-09 00:59:53.464007,17178.97,17259.3,21.711890500000003,0.0012,1.0971265,0
2022-12-09 01:59:51.615812,17201.98,17164.96,21.7395025,0.0012,1.0971265,-1
2022-12-09 02:59:51.190518,17224.35,17183.4,21.7383265,0.0,21.7383265,0
2022-12-09 03:59:54.251307,17205.06,17231.18,21.7383265,0.0,21.7383265,1
2022-12-09 04:59:53.309304,17235.25,17281.99,21.774254499999998,0.0012,1.0919545,0
2022-12-09 05:59:51.777684,17215.44,17282.17,21.750482499999997,0.0012,1.0919545,0
2022-12-09 06:59:53.199900,17201.83,17248.21,21.734150500000002,0.0012,1.0919545,0
2022-12-09 07:59:49.913050,17225.46,17212.23,21.762506499999997,0.0012,1.0919545,-1
2022-12-09 08:59:53.489347,17218.17,17203.48,21.7607665,0.0,21.7607665,0
2022-12-09 09:59:52.451837,17217.68,17222.66,21.7607665,0.0,21.7607665,1
2022-12-09 10:59:52.235479,17211.64,17232.68,21.7525945,0.0012,1.0986265,0
2022-12-09 11:59:50.382032,17205.89,17207.44,21.7456945,0.0012,1.0986265,0
2022-12-09 12:59:50.678306,17239.5,17249.84,21.7860265,0.0012,1.0986265,0
2022-12-09 13:59:50.847207,17215.38,17219.59,21.757082500000003,0.0012,1.0986265,0
2022-12-09 14:59:51.054142,17241.0,17232.08,21.7878265,0.0012,1.0986265,-1
2022-12-09 15:59:50.853881,17261.4,17243.0,21.7872985,0.0,21.7872985,0
2022-12-09 16:59:54.117029,17154.12,17196.98,21.7872985,0.0,21.7872985,1
2022-12-09 17:59:52.066793,17155.18,17140.23,21.7889065,0.0012,1.2026905,-1
2022-12-09 19:00:01.470769,17181.9,17125.5,21.7885225,0.0,21.7885225,0
2022-12-09 19:59:51.117532,17159.39,17150.47,21.7885225,0.0,21.7885225,0
2022-12-09 20:59:51.309511,17164.53,17164.81,21.7885225,0.0,21.7885225,1
2022-12-09 21:59:54.169423,17146.88,17161.72,21.7668985,0.0012,1.1906425,0
2022-12-09 22:59:51.801455,17140.76,17133.82,21.759554499999997,0.0012,1.1906425,-1
2022-12-09 23:59:53.022028,17099.64,17125.23,21.7595305,0.0,21.7595305,1
2022-12-10 00:59:52.703884,17113.88,17093.08,21.7755625,0.0012,1.2389065,-1
2022-12-10 01:59:49.521460,17130.63,17079.87,21.7754065,0.0,21.7754065,0
2022-12-10 02:59:50.637695,17126.77,17125.62,21.7754065,0.0,21.7754065,0
2022-12-10 03:59:54.903278,17153.05,17166.61,21.7754065,0.0,21.7754065,1
2022-12-10 04:59:52.258212,17154.01,17160.67,21.776930499999995,0.0012,1.1921185,0
2022-12-10 05:59:51.531518,17141.55,17151.36,21.761978499999998,0.0012,1.1921185,0
2022-12-10 06:59:49.678456,17145.05,17159.08,21.766178499999995,0.0012,1.1921185,0
2022-12-10 07:59:49.878106,17152.59,17134.81,21.7752265,0.0012,1.1921185,-1
2022-12-10 08:59:54.764432,17134.13,17135.85,21.7751543,0.0,21.7751543,1
2022-12-10 09:59:50.775863,17147.65,17162.91,21.790934099999998,0.0012,1.2137541,0
2022-12-14 15:00:02.043921,17825.53,17838.1,22.604390099999996,0.0012,1.2137541,0
2022-12-14 15:59:59.983164,17913.71,17880.64,22.710206099999997,0.0012,1.2137541,-1
2022-12-14 16:59:53.316884,17894.63,17887.2,22.7096181,0.0,22.7096181,0
2022-12-14 17:59:52.692737,18063.99,18113.53,22.7096181,0.0,22.7096181,1
2022-12-14 18:59:46.650941,18063.32,18077.25,22.709114099999997,0.0012,1.0331301,0
2022-12-14 19:59:48.883673,18103.67,18169.46,22.757534099999997,0.0012,1.0331301,0
2022-12-14 20:59:51.741852,18096.4,18145.4,22.7488101,0.0012,1.0331301,0
2022-12-14 21:59:50.809928,18192.77,18282.29,22.8644541,0.0012,1.0331301,0
2022-12-14 22:59:48.444077,17796.67,17807.06,22.389134099999996,0.0012,1.0331301,0
2022-12-14 23:59:47.920964,17775.8,17848.06,22.3640901,0.0012,1.0331301,0
2022-12-15 00:59:49.854685,17826.04,17725.3,22.424378100000002,0.0012,1.0331301,-1
2022-12-15 01:59:55.072307,17836.07,17717.44,22.4242575,0.0,22.4242575,0
2022-12-15 02:59:52.611990,17794.41,17865.85,22.4242575,0.0,22.4242575,1
2022-12-15 03:59:52.796539,17790.67,17884.64,22.419865499999997,0.0012,1.0710615,0
2022-12-15 04:59:51.173819,17639.23,17610.76,22.238137499999997,0.0012,1.0710615,-1
2022-12-15 05:59:57.999046,17717.59,17654.33,22.2377415,0.0,22.2377415,0
2022-12-15 06:59:54.404019,17730.09,17622.13,22.2377415,0.0,22.2377415,0
2022-12-15 07:59:53.892648,17707.34,17641.88,22.2377415,0.0,22.2377415,0
2022-12-15 08:59:56.121389,17714.04,17757.33,22.2377415,0.0,22.2377415,1
2022-12-15 09:59:52.014388,17718.04,17709.11,22.2426015,0.0012,0.9809535,-1
2022-12-15 10:59:52.164431,17691.86,17677.84,22.2421815,0.0,22.2421815,0
2022-12-15 11:59:52.715018,17626.44,17629.09,22.2421815,0.0,22.2421815,1
2022-12-15 12:59:55.770197,17695.46,17676.46,22.324777499999996,0.0012,1.0902255,-1
2022-12-15 13:59:54.942068,17665.21,17624.39,22.324566,0.0,22.324566,0
2022-12-15 14:59:52.779125,17722.56,17746.58,22.324566,0.0,22.324566,1
2022-12-15 15:59:50.516334,17683.14,17693.27,22.277417999999997,0.0012,1.05765,0
2022-12-15 16:59:50.503499,17503.77,17522.62,22.062174,0.0012,1.05765,0
2022-12-15 17:59:52.132541,17452.98,17441.83,22.001225999999996,0.0012,1.05765,-1
2022-12-15 18:59:53.556477,17423.75,17335.1,22.001406,0.0,22.001406,0
2022-12-15 19:59:49.859955,17398.31,17329.17,22.001406,0.0,22.001406,0
2022-12-15 20:59:46.469748,17400.46,17412.78,22.001406,0.0,22.001406,1
2022-12-15 21:59:46.976696,17395.27,17390.66,21.994217999999996,0.0012,1.119894,-1
2022-12-15 22:59:51.568650,17443.13,17452.69,21.994458,0.0,21.994458,1
2022-12-15 23:59:53.256646,17417.36,17426.61,21.964889999999997,0.0012,1.064058,0
2022-12-16 00:59:50.626664,17396.93,17336.99,21.940374,0.0012,1.064058,-1
2022-12-16 01:59:52.462604,17340.38,17322.22,21.939718,0.0,21.939718,0
2022-12-16 02:59:48.149082,17357.61,17325.82,21.939718,0.0,21.939718,0
2022-12-16 03:59:52.644697,17426.91,17365.24,21.939718,0.0,21.939718,0
2022-12-16 04:59:49.766284,17386.18,17377.79,21.939718,0.0,21.939718,0
2022-12-16 05:59:54.260003,17404.23,17444.5,21.939718,0.0,21.939718,1
2022-12-16 06:59:53.636509,17425.54,17443.11,21.967906,0.0012,1.057258,0
2022-12-16 07:59:55.366152,17390.22,17379.23,21.925522,0.0012,1.057258,-1
2022-12-16 08:59:55.254184,17410.0,17398.74,21.925438,0.0,21.925438,0
2022-12-16 09:59:54.532043,17421.99,17406.7,21.925438,0.0,21.925438,0
2022-12-16 10:59:57.895872,17504.49,17466.53,21.925438,0.0,21.925438,0
2022-12-16 11:59:56.045945,17223.41,17289.95,21.925438,0.0,21.925438,1
2022-12-16 12:59:59.816061,17037.78,17086.69,21.702189999999998,0.0012,1.256854,0
2022-12-16 13:59:54.280823,16994.22,16893.57,21.649918,0.0012,1.256854,-1
2022-12-16 14:59:54.981455,17027.19,16895.78,21.65017,0.0,21.65017,0
2022-12-16 15:59:51.068296,17034.15,16987.86,21.65017,0.0,21.65017,0
2022-12-16 17:59:51.569374,17031.16,17072.86,21.65017,0.0,21.65017,1
2022-12-16 18:59:49.101324,16972.34,16967.6,21.581518,0.0012,1.21471,-1
2022-12-16 19:59:47.905058,16812.54,16738.24,21.58087,0.0,21.58087,0
2022-12-16 20:59:52.165658,16794.16,16731.05,21.58087,0.0,21.58087,0
2022-12-16 21:59:48.454448,16814.64,16714.07,21.58087,0.0,21.58087,0
2022-12-16 22:59:49.778054,16865.85,16801.48,21.58087,0.0,21.58087,0
2022-12-16 23:59:50.892504,16875.94,16874.75,21.58087,0.0,21.58087,0
2022-12-17 02:59:56.903380,16630.79,16579.69,21.58087,0.0,21.58087,0
2022-12-17 03:59:53.615297,16705.1,16598.46,21.58087,0.0,21.58087,0
2022-12-17 04:59:47.360733,16668.14,16574.49,21.58087,0.0,21.58087,0
2022-12-17 07:59:52.856805,16706.67,16703.43,21.58087,0.0,21.58087,0
2022-12-17 08:59:52.283480,16689.17,16661.83,21.58087,0.0,21.58087,0
2022-12-17 09:59:52.017277,16712.06,16695.19,21.58087,0.0,21.58087,0
2022-12-17 10:59:52.312707,16744.18,16712.35,21.58087,0.0,21.58087,0
2022-12-17 11:59:52.098580,16719.32,16717.38,21.58087,0.0,21.58087,0
2022-12-17 14:59:51.656033,16707.43,16687.7,21.58087,0.0,21.58087,0
2022-12-17 18:59:51.720371,16699.6,16670.06,21.58087,0.0,21.58087,0
2022-12-17 19:59:50.332561,16694.75,16690.63,21.58087,0.0,21.58087,0
2022-12-17 22:59:55.055046,16693.53,16682.28,21.58087,0.0,21.58087,0
2022-12-17 23:59:49.311253,16700.96,16697.32,21.58087,0.0,21.58087,0
2022-12-18 00:59:50.018303,16710.12,16689.19,21.58087,0.0,21.58087,0
2022-12-18 05:59:53.449830,16731.97,16723.88,21.58087,0.0,21.58087,0
2022-12-18 06:59:56.511677,16740.9,16709.81,21.58087,0.0,21.58087,0
2022-12-18 11:59:52.464265,16751.52,16729.71,21.58087,0.0,21.58087,0
2022-12-18 12:59:54.193818,16695.79,16694.52,21.58087,0.0,21.58087,0
2022-12-18 14:59:48.132369,16710.45,16681.37,21.58087,0.0,21.58087,0
2022-12-18 15:59:52.218025,16720.73,16715.07,21.58087,0.0,21.58087,0
2022-12-18 18:59:48.193385,16685.55,16681.51,21.58087,0.0,21.58087,0
2022-12-18 19:59:52.586871,16697.04,16679.92,21.58087,0.0,21.58087,0
2022-12-18 21:00:00.359305,16711.71,16694.57,21.58087,0.0,21.58087,0
2022-12-18 21:59:51.544926,16746.23,16738.44,21.58087,0.0,21.58087,0
2022-12-18 22:59:52.556762,16751.36,16747.23,21.58087,0.0,21.58087,0
2022-12-19 00:59:55.108460,16746.04,16734.28,21.58087,0.0,21.58087,0
2022-12-19 01:59:54.369810,16761.43,16759.64,21.58087,0.0,21.58087,0
2022-12-19 02:59:53.028276,16738.22,16722.07,21.58087,0.0,21.58087,0
2022-12-19 03:59:52.668354,16771.77,16771.46,21.58087,0.0,21.58087,0
2022-12-19 07:59:54.206482,16711.2,16681.09,21.58087,0.0,21.58087,0
2022-12-19 08:59:51.943520,16708.47,16661.76,21.58087,0.0,21.58087,0
2022-12-19 09:59:51.523152,16738.71,16731.24,21.58087,0.0,21.58087,0
2022-12-19 10:59:52.024870,16722.28,16702.44,21.58087,0.0,21.58087,0
2022-12-19 12:59:54.048639,16751.42,16741.52,21.58087,0.0,21.58087,0
2022-12-19 13:59:52.308934,16768.02,16749.22,21.58087,0.0,21.58087,0
2022-12-19 14:59:56.595214,16734.34,16719.15,21.58087,0.0,21.58087,0
2022-12-19 17:59:52.359613,16731.92,16697.51,21.58087,0.0,21.58087,0
2022-12-19 20:59:52.022606,16600.72,16582.2,21.58087,0.0,21.58087,0
2022-12-19 21:59:49.257716,16544.2,16533.74,21.58087,0.0,21.58087,0
2022-12-19 22:59:53.945673,16556.09,16525.89,21.58087,0.0,21.58087,0
2022-12-19 23:59:50.966296,16598.96,16590.72,21.58087,0.0,21.58087,0
2022-12-20 00:59:52.484053,16590.38,16568.71,21.58087,0.0,21.58087,0
2022-12-20 01:59:52.277230,16416.38,16396.5,21.58087,0.0,21.58087,0
2022-12-20 02:59:54.008493,16441.39,16427.58,21.58087,0.0,21.58087,0
2022-12-20 03:59:52.668642,16462.04,16368.29,21.58087,0.0,21.58087,0
2022-12-20 04:59:53.805717,16577.83,16518.01,21.58087,0.0,21.58087,0
2022-12-20 09:59:50.970365,16833.33,16794.17,21.58087,0.0,21.58087,0
2022-12-20 15:44:34.120785,16832.48,16830.47,21.58087,0.0,21.58087,0
2022-12-20 17:59:50.586627,16905.55,16851.3,21.58087,0.0,21.58087,0
2022-12-20 18:59:51.187379,16923.24,16927.22,21.58087,0.0,21.58087,1
2022-12-20 19:59:49.743598,16842.26,16882.12,21.483693999999996,0.0012,1.272982,0
2022-12-20 20:59:46.456961,16816.3,16851.35,21.452541999999998,0.0012,1.272982,0
2022-12-20 21:59:52.489311,16835.48,16799.31,21.475557999999996,0.0012,1.272982,-1
2022-12-20 22:59:54.323044,16897.0,16832.72,21.475378,0.0,21.475378,0
2022-12-20 23:59:53.699615,16858.98,16853.31,21.475378,0.0,21.475378,0
2022-12-21 00:59:48.873952,16879.47,16930.15,21.475378,0.0,21.475378,1
2022-12-21 01:59:50.606295,16869.27,16895.31,21.4625763,0.0012,1.2194523,0
2022-12-21 02:59:51.826078,16897.18,16904.64,21.496068299999997,0.0012,1.2194523,0
2022-12-21 03:59:53.846702,16844.43,16833.49,21.4327683,0.0012,1.2194523,-1
2022-12-21 04:59:54.164402,16866.06,16840.99,21.4328043,0.0,21.4328043,0
2022-12-21 05:59:55.486968,16848.3,16847.92,21.4328043,0.0,21.4328043,0
2022-12-21 06:59:53.838370,16837.77,16860.11,21.4328043,0.0,21.4328043,1
2022-12-21 07:59:51.481833,16792.31,16818.28,21.3781923,0.0012,1.2274203,0
2022-12-21 08:59:52.597878,16832.8,16837.2,21.426780299999997,0.0012,1.2274203,0
2022-12-21 09:59:54.107584,16836.81,16808.15,21.4315923,0.0012,1.2274203,-1
2022-12-21 10:59:52.468175,16815.46,16842.58,21.4313403,0.0,21.4313403,1
2022-12-21 11:59:52.766950,16863.06,16879.03,21.4881843,0.0012,1.2525123,0
2022-12-21 12:59:51.506942,16868.77,16862.89,21.4950363,0.0012,1.2525123,-1
2022-12-21 13:59:54.794206,16861.87,16865.9,21.4950003,0.0,21.4950003,1
2022-12-21 14:59:57.961287,16879.19,16885.67,21.515652299999996,0.0012,1.2606243,0
2022-12-21 15:59:54.746456,16837.0,16855.49,21.4650243,0.0012,1.2606243,0
2022-12-21 16:59:55.687786,16845.51,16832.04,21.475236299999995,0.0012,1.2606243,-1
2022-12-21 17:59:56.088843,16792.14,16780.36,21.4748043,0.0,21.4748043,0
2022-12-21 18:59:50.853906,16858.94,16823.78,21.4748043,0.0,21.4748043,0
2022-12-21 20:59:50.118594,16816.08,16812.1,21.4748043,0.0,21.4748043,0
2022-12-21 22:59:51.334124,16755.5,16732.02,21.4748043,0.0,21.4748043,0
2022-12-21 23:59:49.484540,16779.35,16759.7,21.4748043,0.0,21.4748043,0
2022-12-22 00:59:48.548543,16789.79,16756.49,21.4748043,0.0,21.4748043,0
2022-12-22 01:59:53.760048,16764.83,16761.6,21.4748043,0.0,21.4748043,0
2022-12-22 02:59:52.828949,16833.51,16828.96,21.4748043,0.0,21.4748043,0
2022-12-22 03:59:49.441485,16855.31,16827.42,21.4748043,0.0,21.4748043,0
2022-12-22 05:59:56.282786,16849.88,16876.87,21.4748043,0.0,21.4748043,1
2022-12-22 06:59:55.350269,16852.41,16837.66,21.477636299999997,0.0012,1.2547443,-1
2022-12-22 10:59:54.290760,16826.23,16817.52,21.4770123,0.0,21.4770123,0
2022-12-22 12:59:53.460543,16847.6,16859.8,21.4770123,0.0,21.4770123,1
2022-12-22 13:59:54.163077,16823.59,16849.23,21.4478403,0.0012,1.2595323,0
2022-12-22 14:59:54.152004,16834.6,16869.82,21.461052299999995,0.0012,1.2595323,0
2022-12-22 15:59:55.165642,16815.88,16797.4,21.4385883,0.0012,1.2595323,-1
2022-12-22 16:59:52.598712,16780.3,16766.51,21.4382403,0.0,21.4382403,0
2022-12-22 17:59:53.406561,16673.09,16655.95,21.4382403,0.0,21.4382403,0
2022-12-22 18:59:53.095328,16636.51,16624.87,21.4382403,0.0,21.4382403,0
2022-12-22 19:59:54.717700,16662.49,16579.51,21.4382403,0.0,21.4382403,0
2022-12-22 21:59:51.523870,16616.07,16598.08,21.4382403,0.0,21.4382403,0
2022-12-22 22:59:52.335654,16661.84,16637.04,21.4382403,0.0,21.4382403,0
2022-12-22 23:59:50.488739,16782.2,16749.87,21.4382403,0.0,21.4382403,0
2022-12-23 00:59:55.080904,16795.58,16792.71,21.4382403,0.0,21.4382403,0
2022-12-23 02:59:52.299011,16820.64,16834.32,21.4382403,0.0,21.4382403,1
2022-12-23 03:59:55.363488,16781.07,16791.74,21.390696799999997,0.0012,1.2534128,0
2022-12-23 04:59:51.664878,16798.23,16796.25,21.411288799999998,0.0012,1.2534128,-1
2022-12-23 05:59:53.193434,16849.37,16839.71,21.4111568,0.0,21.4111568,0
2022-12-23 06:59:53.183018,16830.92,16845.24,21.4111568,0.0,21.4111568,1
2022-12-23 07:59:54.621363,16837.74,16902.69,21.420288799999998,0.0012,1.2150008,0
2022-12-23 08:59:54.484061,16821.37,16857.25,21.400644799999995,0.0012,1.2150008,0
2022-12-23 09:59:53.348500,16840.13,16872.85,21.423156799999997,0.0012,1.2150008,0
2022-12-23 10:59:54.259180,16847.56,16836.23,21.432072799999997,0.0012,1.2150008,-1
2022-12-23 11:59:55.991450,16835.68,16824.86,21.4321688,0.0,21.4321688,0
2022-12-23 12:59:54.856106,16837.61,16863.94,21.4321688,0.0,21.4321688,1
2022-12-23 13:59:53.824189,16856.33,16880.68,21.4544408,0.0012,1.2268448,0
2022-12-23 14:59:56.885553,16844.58,16839.27,21.440340799999998,0.0012,1.2268448,-1
2022-12-23 15:59:50.733500,16872.14,16872.12,21.4398488,0.0,21.4398488,0
2022-12-23 16:59:54.920923,16841.93,16844.73,21.4398488,0.0,21.4398488,1
2022-12-23 17:59:48.871543,16790.44,16808.84,21.377712799999994,0.0012,1.2291848,0
2022-12-23 18:59:51.726952,16834.93,16830.93,21.431100799999996,0.0012,1.2291848,-1
2022-12-23 19:59:54.793739,16828.08,16795.68,21.4310888,0.0,21.4310888,0
2022-12-23 20:59:54.683025,16842.6,16834.8,21.4310888,0.0,21.4310888,0
2022-12-23 21:59:57.028163,16835.76,16857.79,21.4310888,0.0,21.4310888,1
2022-12-23 22:59:53.749876,16844.25,16883.17,21.441396799999996,0.0012,1.2282968,0
2022-12-23 23:59:57.316261,16809.4,16802.57,21.3995768,0.0012,1.2282968,-1
2022-12-24 00:59:57.410457,16811.49,16815.52,21.3996008,0.0,21.3996008,1
2022-12-24 01:59:57.498944,16792.72,16745.74,21.3772568,0.0012,1.2259928,-1
2022-12-24 02:59:56.875334,16778.42,16771.42,21.3771128,0.0,21.3771128,0
2022-12-24 05:59:51.929639,16828.39,16826.45,21.3771128,0.0,21.3771128,0
2022-12-24 08:59:54.378124,16824.37,16802.35,21.3771128,0.0,21.3771128,0
2022-12-30 12:59:55.674139,16517.36,16486.57,21.3771128,0.0,21.3771128,0
2022-12-30 13:59:55.765531,16488.6,16470.81,21.3771128,0.0,21.3771128,0
2022-12-30 15:59:50.530969,16494.76,16485.41,21.3771128,0.0,21.3771128,0
2022-12-30 16:59:58.100033,16466.35,16434.28,21.3771128,0.0,21.3771128,0
2022-12-30 17:59:50.778640,16410.89,16394.74,21.3771128,0.0,21.3771128,0
2022-12-30 18:59:51.940470,16556.04,16526.93,21.3771128,0.0,21.3771128,0
2022-12-30 19:59:54.593380,16546.36,16501.35,21.3771128,0.0,21.3771128,0
2022-12-30 22:59:50.882041,16525.73,16520.14,21.3771128,0.0,21.3771128,0
2022-12-30 23:59:49.746432,16571.03,16556.09,21.3771128,0.0,21.3771128,0
2022-12-31 00:59:53.526393,16583.12,16564.54,21.3771128,0.0,21.3771128,0
2022-12-31 05:59:52.150609,16576.1,16569.99,21.3771128,0.0,21.3771128,0
2022-12-31 06:59:56.648611,16552.84,16541.92,21.3771128,0.0,21.3771128,0
2022-12-31 07:59:52.852397,16551.73,16550.32,21.3771128,0.0,21.3771128,0
2022-12-31 09:59:50.099397,16545.6,16537.46,21.3771128,0.0,21.3771128,0
2022-12-31 10:59:56.102518,16564.98,16548.4,21.3771128,0.0,21.3771128,0
2022-12-31 13:59:53.208486,16565.42,16558.69,21.3771128,0.0,21.3771128,0
2022-12-31 14:59:50.435776,16566.99,16551.82,21.3771128,0.0,21.3771128,0
2022-12-31 15:59:56.979881,16575.71,16573.36,21.3771128,0.0,21.3771128,0
2022-12-31 22:59:59.787809,16570.08,16561.39,21.3771128,0.0,21.3771128,0
2022-12-31 23:59:52.410001,16568.19,16567.24,21.3771128,0.0,21.3771128,0
2023-01-01 01:59:50.447927,16520.26,16492.02,21.3771128,0.0,21.3771128,0
2023-01-01 02:59:53.409500,16538.01,16524.78,21.3771128,0.0,21.3771128,0
2023-01-01 03:59:54.438393,16529.33,16520.47,21.3771128,0.0,21.3771128,0
2023-01-01 04:59:56.873908,16551.02,16550.65,21.3771128,0.0,21.3771128,0
2023-01-01 08:59:52.536860,16531.01,16522.36,21.3771128,0.0,21.3771128,0
2023-01-01 09:59:53.245057,16540.02,16535.41,21.3771128,0.0,21.3771128,0
2023-01-01 10:59:52.418666,16525.42,16524.98,21.3771128,0.0,21.3771128,0
2023-01-01 12:59:52.810868,16538.65,16534.82,21.3771128,0.0,21.3771128,0
2023-01-01 13:59:55.360010,16548.23,16529.42,21.3771128,0.0,21.3771128,0
2023-01-01 18:59:53.371883,16558.1,16537.64,21.3771128,0.0,21.3771128,0
2023-01-01 19:59:55.623007,16564.76,16561.27,21.3771128,0.0,21.3771128,0
2023-01-02 04:59:50.836181,16565.81,16559.89,21.3771128,0.0,21.3771128,0
2023-01-02 06:59:52.371639,16662.72,16631.28,21.3771128,0.0,21.3771128,0
2023-01-02 10:59:51.498693,16718.63,16708.11,21.3771128,0.0,21.3771128,0
2023-01-02 11:59:53.232134,16733.1,16719.46,21.3771128,0.0,21.3771128,0
2023-01-02 15:59:50.529894,16722.07,16721.76,21.3771128,0.0,21.3771128,0
2023-01-02 21:59:52.230033,16723.39,16716.65,21.3771128,0.0,21.3771128,0
2023-01-02 22:59:56.208289,16737.19,16722.09,21.3771128,0.0,21.3771128,0
2023-01-02 23:59:51.897739,16727.54,16720.29,21.3771128,0.0,21.3771128,0
2023-01-03 00:59:52.603504,16754.23,16726.42,21.3771128,0.0,21.3771128,0
2023-01-03 03:59:53.093462,16695.43,16667.11,21.3771128,0.0,21.3771128,0
2023-01-03 04:59:56.463745,16677.13,16660.73,21.3771128,0.0,21.3771128,0
2023-01-03 05:59:56.041432,16673.63,16672.19,21.3771128,0.0,21.3771128,0
2023-01-03 07:59:53.283135,16685.64,16673.69,21.3771128,0.0,21.3771128,0
2023-01-03 08:59:51.818062,16727.0,16703.39,21.3771128,0.0,21.3771128,0
2023-01-03 15:59:54.012111,16711.22,16695.82,21.3771128,0.0,21.3771128,0
2023-01-03 16:59:51.750495,16725.74,16719.48,21.3771128,0.0,21.3771128,0
2023-01-03 18:59:54.073613,16679.13,16657.52,21.3771128,0.0,21.3771128,0
2023-01-03 19:59:52.647425,16621.33,16615.36,21.3771128,0.0,21.3771128,0
2023-01-03 20:59:54.174582,16632.3,16625.35,21.3771128,0.0,21.3771128,0
2023-01-03 21:59:51.196061,16644.23,16639.72,21.3771128,0.0,21.3771128,0
2023-01-03 22:59:50.573077,16644.33,16624.29,21.3771128,0.0,21.3771128,0
2023-01-04 04:59:55.027061,16702.64,16690.65,21.3771128,0.0,21.3771128,0
2023-01-04 05:59:53.995558,16737.11,16728.5,21.3771128,0.0,21.3771128,0
2023-01-04 10:59:55.424903,16870.8,16866.01,21.3771128,0.0,21.3771128,0
2023-01-04 11:59:52.343714,16864.28,16859.42,21.3771128,0.0,21.3771128,0
2023-01-04 16:59:54.554079,16827.99,16820.56,21.3771128,0.0,21.3771128,0
2023-01-04 17:59:52.807189,16830.51,16812.96,21.3771128,0.0,21.3771128,0
2023-01-04 18:59:52.795654,16853.08,16838.99,21.3771128,0.0,21.3771128,0
2023-01-04 21:59:50.107038,16957.4,16947.87,21.3771128,0.0,21.3771128,0
2023-01-05 00:59:56.431095,16826.51,16777.9,21.3771128,0.0,21.3771128,0
2023-01-05 01:59:52.428476,16827.88,16781.4,21.3771128,0.0,21.3771128,0
2023-01-05 05:59:50.860190,16836.86,16832.93,21.3771128,0.0,21.3771128,0
2023-01-05 06:59:52.495510,16827.23,16798.95,21.3771128,0.0,21.3771128,0
2023-01-05 07:59:51.764216,16837.48,16828.4,21.3771128,0.0,21.3771128,0
2023-01-05 11:59:51.934279,16807.11,16802.54,21.3771128,0.0,21.3771128,0
2023-01-05 12:59:51.720873,16806.43,16779.78,21.3771128,0.0,21.3771128,0
2023-01-05 13:59:51.200769,16826.23,16801.81,21.3771128,0.0,21.3771128,0
2023-01-05 14:59:50.476864,16833.78,16831.58,21.3771128,0.0,21.3771128,0
2023-01-05 17:59:51.577492,16828.0,16799.56,21.3771128,0.0,21.3771128,0
2023-01-05 18:59:55.866389,16842.7,16804.99,21.3771128,0.0,21.3771128,0
2023-01-05 21:59:53.486149,16843.25,16836.64,21.3771128,0.0,21.3771128,0
2023-01-05 22:59:52.046032,16865.08,16842.31,21.3771128,0.0,21.3771128,0
2023-01-05 23:59:51.528014,16860.21,16858.48,21.3771128,0.0,21.3771128,0
2023-01-06 03:59:52.107347,16858.47,16836.59,21.3771128,0.0,21.3771128,0
2023-01-06 04:59:56.297228,16827.14,16825.58,21.3771128,0.0,21.3771128,0
2023-01-06 06:59:55.978471,16833.52,16825.2,21.3771128,0.0,21.3771128,0
2023-01-06 07:59:54.431423,16823.42,16816.35,21.3771128,0.0,21.3771128,0
2023-01-06 09:59:52.059131,16787.53,16785.65,21.3771128,0.0,21.3771128,0
2023-01-06 10:59:51.948180,16794.5,16779.52,21.3771128,0.0,21.3771128,0
2023-01-06 11:59:50.812884,16801.75,16785.77,21.3771128,0.0,21.3771128,0
2023-01-06 14:59:51.709149,16738.6,16738.56,21.3771128,0.0,21.3771128,0
2023-01-06 15:59:59.280370,16730.53,16700.73,21.3771128,0.0,21.3771128,0
2023-01-06 17:00:05.929495,16773.09,16747.3,21.3771128,0.0,21.3771128,0
2023-01-06 18:06:14.154815,16770.54,16729.44,21.3771128,0.0,21.3771128,0
