date,price,pred
2015-06-01,32.6349983215332,32.61364113396547
2015-06-02,32.4900016784668,32.53979974894527
2015-06-03,32.529998779296875,32.574563010026374
2015-06-04,32.34000015258789,32.73666382201728
2015-06-05,32.162498474121094,32.71059825807886
2015-06-08,31.950000762939453,33.0031818077711
2015-06-09,31.854999542236328,32.5921356356262
2015-06-10,32.220001220703125,32.57572159680518
2015-06-11,32.147499084472656,32.657540941282754
2015-06-12,31.792499542236328,32.57897331716343
2015-06-15,31.729999542236328,32.278794382581424
2015-06-16,31.899999618530273,32.327803116119306
2015-06-17,31.825000762939453,32.318048548139316
2015-06-18,31.969999313354492,32.270785137415416
2015-06-19,31.649999618530273,32.14283902932566
2015-06-22,31.90250015258789,31.096055070158528
2015-06-23,31.75749969482422,31.916994366814567
2015-06-24,32.02750015258789,31.874117123626473
2015-06-25,31.875,31.798060943965226
2015-06-26,31.6875,31.741150003662074
2015-06-29,31.13249969482422,31.51676487663394
2015-06-30,31.357500076293945,31.531159151592227
2015-07-01,31.649999618530273,31.4853383036364
2015-07-02,31.610000610351562,31.54526209752494
2015-07-06,31.5,31.495934981463645
2015-07-07,31.422500610351562,31.330132352521346
2015-07-08,30.642499923706055,31.27943942538838
2015-07-09,30.017499923706055,31.20607491063442
2015-07-10,30.81999969482422,30.969587811761304
2015-07-13,31.415000915527344,30.661985148514937
2015-07-14,31.40250015258789,30.93294532025896
2015-07-15,31.704999923706055,30.868404201106618
2015-07-16,32.127498626708984,30.96520649878088
2015-07-17,32.404998779296875,31.034349546795255
2015-07-20,33.01750183105469,31.690968027468475
2015-07-21,32.6875,31.26685271253556
2015-07-22,31.30500030517578,31.382043352312174
2015-07-23,31.290000915527344,31.41606692292196
2015-07-24,31.125,31.458513996533355
2015-07-27,30.6924991607666,31.839064144811985
2015-07-28,30.844999313354492,31.259230407862656
2015-07-29,30.747499465942383,31.13639870906083
2015-07-30,30.592500686645508,31.14086998583867
2015-07-31,30.325000762939453,31.09228232307337
2015-08-03,29.610000610351562,30.955493944635503
2015-08-04,28.65999984741211,30.84727550806998
2015-08-05,28.850000381469727,30.619782038448026
2015-08-06,28.782499313354492,30.38535448804605
2015-08-07,28.8799991607666,30.154695827199593
2015-08-10,29.93000030517578,30.01866303294507
2015-08-11,28.372499465942383,29.650096515245423
2015-08-12,28.809999465942383,29.21590963865448
2015-08-13,28.787500381469727,29.03963492283855
2015-08-14,28.989999771118164,28.93721340769839
2015-08-17,29.290000915527344,28.947823872551503
2015-08-18,29.125,28.448817670916426
2015-08-19,28.752500534057617,28.36794654103076
2015-08-20,28.162500381469727,28.344866517047596
2015-08-21,26.440000534057617,28.34288375265522
2015-08-24,25.780000686645508,27.693252355121366
2015-08-25,25.934999465942383,27.295808329340055
2015-08-26,27.422500610351562,26.99973013726541
2015-08-27,28.229999542236328,26.87587788592347
2015-08-28,28.322500228881836,26.912621556879323
2015-08-31,28.190000534057617,26.807784426337143
2015-09-01,26.93000030517578,26.771289372500245
2015-09-02,28.084999084472656,26.77186170414418
2015-09-03,27.592500686645508,26.879687916276115
2015-09-04,27.3174991607666,26.82358476956486
2015-09-08,28.077499389648438,26.651760307108454
2015-09-09,27.537500381469727,26.65195699565387
2015-09-10,28.142499923706055,26.635726318422524
2015-09-11,28.552499771118164,26.674244043347663
2015-09-14,28.827499389648438,26.554683876311053
2015-09-15,29.06999969482422,26.756583856863223
2015-09-16,29.102500915527344,27.251858946137727
2015-09-17,28.479999542236328,27.550020418106982
2015-09-18,28.362499237060547,27.75408105499052
2015-09-21,28.802499771118164,28.271693147618222
2015-09-22,28.350000381469727,28.040044979144323
2015-09-23,28.579999923706055,28.229572567057392
2015-09-24,28.75,28.494799346437595
2015-09-25,28.677499771118164,28.646521741586707
2015-09-28,28.110000610351562,28.472409698396785
2015-09-29,27.264999389648438,28.596302938359067
2015-09-30,27.575000762939453,28.56986434840803
2015-10-01,27.395000457763672,28.487932474566314
2015-10-02,27.594999313354492,28.299460358339726
2015-10-05,27.69499969482422,27.494300753829368
2015-10-06,27.827499389648438,28.04318677575215
2015-10-07,27.69499969482422,28.21363838931505
2015-10-08,27.375,28.098504686719007
2015-10-09,28.030000686645508,27.968064322192646
2015-10-12,27.899999618530273,27.774302715637063
2015-10-13,27.947500228881836,27.874473485219475
2015-10-14,27.552499771118164,28.020489024288306
2015-10-15,27.96500015258789,27.954348397104095
2015-10-16,27.760000228881836,27.907080864415306
2015-10-19,27.9325008392334,28.145831535935724
2015-10-20,28.4424991607666,27.804109238946953
2015-10-21,28.440000534057617,27.986544226104993
2015-10-22,28.875,28.01619121887443
2015-10-23,29.770000457763672,28.05023702567964
2015-10-26,28.81999969482422,28.367392684667962
2015-10-27,28.637500762939453,28.229155494816787
2015-10-28,29.8174991607666,28.312208278636763
2015-10-29,30.13249969482422,28.434844725242836
2015-10-30,29.875,28.66587247668687
2015-11-02,30.295000076293945,28.903378706307574
2015-11-03,30.642499923706055,28.980846414461237
2015-11-04,30.5,29.449694981606466
2015-11-05,30.229999542236328,29.76594726204427
2015-11-06,30.264999389648438,29.913431066377125
2015-11-09,30.142499923706055,29.934787299113342
2015-11-10,29.1924991607666,30.15808067896244
2015-11-11,29.02750015258789,30.24594708377902
2015-11-12,28.93000030517578,30.171599236352257
2015-11-13,28.084999084472656,30.064807036921575
2015-11-16,28.545000076293945,29.725706130912478
2015-11-17,28.422500610351562,29.623928114960886
2015-11-18,29.322500228881836,29.641634329844262
2015-11-19,29.69499969482422,29.610270753153923
2015-11-20,29.825000762939453,29.650491617281432
2015-11-23,29.4375,29.43735191471864
2015-11-24,29.719999313354492,29.606635371923637
2015-11-25,29.50749969482422,29.803212111125973
2015-11-27,29.452499389648438,29.79090336011869
2015-11-30,29.575000762939453,29.014590604264768
2015-12-01,29.334999084472656,29.760419744215433
2015-12-02,29.06999969482422,29.894467506528553
2015-12-03,28.799999237060547,29.75705905799131
2015-12-04,29.75749969482422,29.611837109787047
2015-12-07,29.56999969482422,29.268194145856498
2015-12-08,29.5575008392334,29.423460560051396
2015-12-09,28.905000686645508,29.617406353355783
2015-12-10,29.042499542236328,29.508886364942942
2015-12-11,28.295000076293945,29.485090972498355
2015-12-14,28.1200008392334,29.50292264412057
2015-12-15,27.622499465942383,29.038984956281638
2015-12-16,27.834999084472656,29.033449668076972
2015-12-17,27.2450008392334,28.927253492289704
2015-12-18,26.50749969482422,28.6640451576008
2015-12-21,26.832500457763672,28.92413381042821
2015-12-22,26.8075008392334,27.871558663906345
2015-12-23,27.15250015258789,27.836536000973606
2015-12-24,27.00749969482422,27.608762091326263
2015-12-28,26.704999923706055,27.447276776895762
2015-12-29,27.184999465942383,26.868309940554703
2015-12-30,26.829999923706055,27.02103803559818
2015-12-31,26.315000534057617,26.825740319897246
2016-01-04,26.337499618530273,26.623644003151707
2016-01-05,25.677499771118164,26.214349411328044
2016-01-06,25.174999237060547,26.1982502941034
2016-01-07,24.112499237060547,25.873133204815687
2016-01-08,24.239999771118164,25.500304305140467
2016-01-11,24.63249969482422,26.0342663356885
2016-01-12,24.989999771118164,24.732637977521968
2016-01-13,24.34749984741211,24.803535624938238
2016-01-14,24.8799991607666,24.550037225875396
2016-01-15,24.282499313354492,24.404620923372413
2016-01-19,24.165000915527344,23.255437857677634
2016-01-20,24.197500228881836,23.895206781493542
2016-01-21,24.075000762939453,23.744821322549637
2016-01-22,25.354999542236328,23.63523040246458
2016-01-25,24.860000610351562,23.94790558728848
2016-01-26,24.997499465942383,23.577114680583968
2016-01-27,23.354999542236328,23.676583487972085
2016-01-28,23.522499084472656,23.45768420855858
2016-01-29,24.334999084472656,23.42854680545847
2016-02-01,24.107500076293945,22.918691296994417
2016-02-02,23.6200008392334,23.214570023077975
2016-02-03,24.087499618530273,23.071125136611993
2016-02-04,24.149999618530273,23.182887451880088
2016-02-05,23.5049991607666,23.384532086093927
2016-02-08,23.752500534057617,23.50945063119827
2016-02-09,23.747499465942383,23.245215089010706
2016-02-10,23.5674991607666,23.256556582473983
2016-02-11,23.424999237060547,23.27368250098844
2016-02-12,23.497499465942383,23.30062143631646
2016-02-16,24.15999984741211,23.787360338802447
2016-02-17,24.530000686645508,23.16592959424733
2016-02-18,24.065000534057617,23.30859414406149
2016-02-19,24.010000228881836,23.487712297927356
2016-02-22,24.219999313354492,24.333872118121892
2016-02-23,23.672500610351562,23.605708199204862
2016-02-24,24.024999618530273,23.598519150523728
2016-02-25,24.190000534057617,23.54457456692961
2016-02-26,24.227500915527344,23.708257958464348
2016-02-29,24.172500610351562,23.893678140355753
2016-03-01,25.13249969482422,23.86024776037772
2016-03-02,25.1875,23.97155224312808
2016-03-03,25.375,24.130746449954902
2016-03-04,25.752500534057617,24.36397150601306
2016-03-07,25.467500686645508,24.670822027510255
2016-03-08,25.25749969482422,24.868392437639777
2016-03-09,25.280000686645508,24.971803760189612
2016-03-10,25.292499542236328,25.056503225399343
2016-03-11,25.565000534057617,25.147845144345094
2016-03-14,25.6299991607666,24.674463325015193
2016-03-15,26.145000457763672,25.485053964939695
2016-03-16,26.49250030517578,25.60753845075512
2016-03-17,26.450000762939453,25.751015784434927
2016-03-18,26.479999542236328,26.011796437072622
2016-03-21,26.477500915527344,26.114114719300183
2016-03-22,26.68000030517578,26.523872656775435
2016-03-23,26.532499313354492,26.611973905717047
2016-03-24,26.417499542236328,26.57594258939964
2016-03-28,26.297500610351562,26.665895972872114
2016-03-29,26.920000076293945,27.011549581767945
2016-03-30,27.389999389648438,27.011234723750995
2016-03-31,27.247499465942383,27.044888978091183
2016-04-01,27.497499465942383,27.184519971702024
2016-04-04,27.780000686645508,27.632784936290406
2016-04-05,27.452499389648438,27.63925417554237
2016-04-06,27.739999771118164,27.705782171851382
2016-04-07,27.135000228881836,27.68367342098384
2016-04-08,27.165000915527344,27.727838096579173
2016-04-11,27.2549991607666,27.57203442795469
2016-04-12,27.610000610351562,27.998008678511763
2016-04-13,28.010000228881836,27.99586612520557
2016-04-14,28.024999618530273,27.9528468768435
2016-04-15,27.462499618530273,28.08465122761258
2016-04-18,26.8700008392334,27.806610252907024
2016-04-19,26.727500915527344,28.23643272829301
2016-04-20,26.782499313354492,28.02707533777524
2016-04-21,26.49250030517578,27.763077543222007
2016-04-22,26.420000076293945,27.62979703635016
2016-04-25,26.270000457763672,27.165409459023483
2016-04-26,26.087499618530273,27.44392104276669
2016-04-27,24.454999923706055,27.111059662162518
2016-04-28,23.707500457763672,26.564819787237607
2016-04-29,23.434999465942383,26.196685203769626
2016-05-02,23.40999984741211,26.0306414758986
2016-05-03,23.795000076293945,25.40756486468302
2016-05-04,23.547500610351562,24.646924230241968
2016-05-05,23.309999465942383,24.24704937098535
2016-05-06,23.18000030517578,23.93607249223226
2016-05-09,23.197500228881836,23.749878923574162
2016-05-10,23.354999542236328,23.23498105131663
2016-05-11,23.127500534057617,22.926303766417323
2016-05-12,22.584999084472656,22.514051610876326
2016-05-13,22.6299991607666,22.307509167792215
2016-05-16,23.469999313354492,21.78310440210588
2016-05-17,23.372499465942383,22.058926628105855
2016-05-18,23.639999389648438,21.99465810824461
2016-05-19,23.549999237060547,21.950249359827342
2016-05-20,23.80500030517578,21.99668748380772
2016-05-23,24.107500076293945,22.602078588304103
2016-05-24,24.475000381469727,22.28246454210866
2016-05-25,24.905000686645508,22.355981813631274
2016-05-26,25.102500915527344,22.426139763181205
2016-05-27,25.087499618530273,22.643211742640727
2016-05-31,24.96500015258789,23.619278077098457
2016-06-01,24.614999771118164,22.87741610487158
2016-06-02,24.43000030517578,23.797947406683758
2016-06-03,24.479999542236328,24.248353419100518
2016-06-06,24.657499313354492,24.530266944994793
2016-06-07,24.75749969482422,24.828038575096574
2016-06-08,24.735000610351562,24.86207956389863
2016-06-09,24.912500381469727,24.919743314275205
2016-06-10,24.707500457763672,25.020688612550664
2016-06-13,24.334999084472656,25.00060175391453
2016-06-14,24.364999771118164,25.229528000499265
2016-06-15,24.28499984741211,25.087020924518907
2016-06-16,24.387500762939453,24.87877100461406
2016-06-17,23.832500457763672,24.92428609716424
2016-06-20,23.774999618530273,25.650919447375475
2016-06-21,23.977500915527344,24.889256435899476
2016-06-22,23.887500762939453,24.80130655457224
2016-06-23,24.024999618530273,24.620217269818525
2016-06-24,23.350000381469727,24.514193041387674
2016-06-27,23.010000228881836,24.635461064074267
2016-06-28,23.397499084472656,24.36031166529053
2016-06-29,23.600000381469727,24.213010163491933
2016-06-30,23.899999618530273,23.50447145161546
2016-07-01,23.97249984741211,23.465555881576478
2016-07-05,23.747499465942383,23.79483995601247
2016-07-06,23.88249969482422,23.586514659062424
2016-07-07,23.985000610351562,23.440085162659916
2016-07-08,24.170000076293945,23.41050072029805
2016-07-11,24.2450008392334,23.748169384548433
2016-07-12,24.354999542236328,23.715278718017064
2016-07-13,24.217500686645508,23.806772906217308
2016-07-14,24.697500228881836,23.76257479107019
2016-07-15,24.69499969482422,23.84888255534915
2016-07-18,24.957500457763672,23.576838579368122
2016-07-19,24.967500686645508,24.197933370969693
2016-07-20,24.989999771118164,24.332320193900877
2016-07-21,24.857500076293945,24.391199382074916
2016-07-22,24.665000915527344,24.355999251579018
2016-07-25,24.334999084472656,24.35806715616059
2016-07-26,24.167499542236328,24.528722752221675
2016-07-27,25.737499237060547,24.50703175033409
2016-07-28,26.084999084472656,24.594542101593227
2016-07-29,26.052499771118164,24.736188412295526
2016-08-01,26.512500762939453,24.7225551217433
2016-08-02,26.1200008392334,25.556690166076912
2016-08-03,26.447500228881836,25.607136830783606
2016-08-04,26.467500686645508,25.676356214550665
2016-08-05,26.8700008392334,25.82432940712868
2016-08-08,27.092500686645508,25.650454742540862
2016-08-09,27.202499389648438,26.446559171734854
2016-08-10,27.0,26.821756544067078
2016-08-11,26.982500076293945,26.734550300076947
2016-08-12,27.045000076293945,26.80078942036308
2016-08-15,27.3700008392334,26.414068574444215
2016-08-16,27.344999313354492,27.280703719563835
2016-08-17,27.30500030517578,27.452365251440686
2016-08-18,27.270000457763672,27.499874271261962
2016-08-19,27.34000015258789,27.495246112258915
2016-08-22,27.127500534057617,27.078786863079923
2016-08-23,27.212499618530273,27.848231365993367
2016-08-24,27.00749969482422,27.888528016218437
2016-08-25,26.892499923706055,27.86873101533179
2016-08-26,26.735000610351562,27.732473642460857
2016-08-29,26.704999923706055,27.466203934339276
2016-08-30,26.5,27.90772939710924
2016-08-31,26.524999618530273,27.842199123295398
2016-09-01,26.6825008392334,27.647824607685106
2016-09-02,26.9325008392334,27.277654250665435
2016-09-06,26.924999237060547,27.265913987993336
2016-09-07,27.09000015258789,27.676412779856634
2016-09-08,26.3799991607666,27.54024307325357
2016-09-09,25.782499313354492,26.97124126934388
2016-09-12,26.360000610351562,26.965875780360577
2016-09-13,26.987499237060547,26.961700004232547
2016-09-14,27.9424991607666,26.974925509703382
2016-09-15,28.892499923706055,27.064615722505163
2016-09-16,28.729999542236328,27.138443321293995
2016-09-19,28.395000457763672,28.82997389779888
2016-09-20,28.392499923706055,27.555768203698197
2016-09-21,28.387500762939453,27.758590249031936
2016-09-22,28.655000686645508,27.904915714631223
2016-09-23,28.177499771118164,27.886809594336036
2016-09-26,28.219999313354492,28.330094769981006
2016-09-27,28.272499084472656,28.080209090799123
2016-09-28,28.487499237060547,28.218111916166507
2016-09-29,28.045000076293945,28.349989227213374
2016-09-30,28.262500762939453,28.217806282472573
2016-10-03,28.1299991607666,28.32761036654401
2016-10-04,28.25,28.351674476998152
2016-10-05,28.262500762939453,28.52886487036097
2016-10-06,28.47249984741211,28.579324171316046
2016-10-07,28.514999389648438,28.542113769331984
2016-10-10,29.012500762939453,28.053218452204646
2016-10-11,29.075000762939453,28.748299250128504
2016-10-12,29.334999084472656,28.97966228489247
2016-10-13,29.2450008392334,29.147062369737004
2016-10-14,29.407499313354492,29.104075566852238
2016-10-17,29.387500762939453,28.8576833181202
2016-10-18,29.36750030517578,29.353083620921595
2016-10-19,29.280000686645508,29.511042667746313
2016-10-20,29.264999389648438,29.55762257789505
2016-10-21,29.149999618530273,29.47601040850045
2016-10-24,29.412500381469727,29.44638196325403
2016-10-25,29.5625,29.567563818640892
2016-10-26,28.897499084472656,29.739018838269615
2016-10-27,28.6200008392334,29.766197919407738
2016-10-28,28.43000030517578,29.596327110089447
2016-10-31,28.385000228881836,29.69312200798862
2016-11-01,27.872499465942383,29.442879196594266
2016-11-02,27.897499084472656,29.43166210884721
2016-11-03,27.457500457763672,29.266485015937977
2016-11-04,27.209999084472656,28.98603695040243
2016-11-07,27.602500915527344,29.20937895030742
2016-11-08,27.764999389648438,28.482656791966253
2016-11-09,27.719999313354492,28.226195631192986
2016-11-10,26.947500228881836,28.10983100723275
2016-11-11,27.107500076293945,27.682131732525914
2016-11-14,26.427499771118164,28.00745321608847
2016-11-15,26.77750015258789,27.21428954766911
2016-11-16,27.497499465942383,27.045606271519862
2016-11-17,27.487499237060547,26.9476258996738
2016-11-18,27.514999389648438,26.92734496016786
2016-11-21,27.9325008392334,26.981716680264952
2016-11-22,27.950000762939453,26.79101107705232
2016-11-23,27.8075008392334,27.0186168705545
2016-11-25,27.947500228881836,27.013227767552163
2016-11-28,27.892499923706055,26.98364278432164
2016-11-29,27.864999771118164,27.017216329974097
2016-11-30,27.6299991607666,27.198603072209853
2016-12-01,27.372499465942383,27.12945235298495
2016-12-02,27.475000381469727,27.111764628784897
2016-12-05,27.27750015258789,26.89043361340813
2016-12-06,27.487499237060547,27.0253163333967
2016-12-07,27.75749969482422,27.190918521952803
2016-12-08,28.030000686645508,27.184880028565235
2016-12-09,28.487499237060547,27.196261481570225
2016-12-12,28.325000762939453,27.442520683076523
2016-12-13,28.797500610351562,27.620494984435048
2016-12-14,28.797500610351562,27.88179233204372
2016-12-15,28.954999923706055,28.151266307680743
2016-12-16,28.99250030517578,28.152811912840715
2016-12-19,29.15999984741211,28.023113609988734
2016-12-20,29.237499237060547,28.64710976669739
2016-12-21,29.264999389648438,28.835051959899236
2016-12-22,29.072500228881836,28.907234767180285
2016-12-23,29.1299991607666,29.022435257032985
2016-12-27,29.315000534057617,28.829518529936525
2016-12-28,29.190000534057617,29.378349232723664
2016-12-29,29.1825008392334,29.39713651335553
2016-12-30,28.954999923706055,29.361166980129532
2017-01-03,29.037500381469727,29.433543287103458
2017-01-04,29.0049991607666,29.603883785299395
2017-01-05,29.15250015258789,29.449742393405142
2017-01-06,29.477500915527344,29.421523900351392
2017-01-09,29.747499465942383,29.654755072767784
2017-01-10,29.77750015258789,29.700727508430052
2017-01-11,29.9375,29.799665054331932
2017-01-12,29.8125,29.773707950271
2017-01-13,29.760000228881836,29.82052758718416
2017-01-17,30.0,30.2021893901334
2017-01-18,29.997499465942383,30.11561345285052
2017-01-19,29.94499969482422,30.065102646691045
2017-01-20,30.0,30.093587166349202
2017-01-23,30.020000457763672,30.323325884578875
2017-01-24,29.99250030517578,30.287689637252104
2017-01-25,30.469999313354492,30.35871624980108
2017-01-26,30.485000610351562,30.315708185431443
2017-01-27,30.487499237060547,30.35960794657989
2017-01-30,30.407499313354492,30.52624405752077
2017-01-31,30.337499618530273,30.58867453307788
2017-02-01,32.1875,30.68371319444589
2017-02-02,32.13249969482422,30.738368201194046
2017-02-03,32.27000045776367,30.848831883766692
2017-02-06,32.5724983215332,30.289369110717548
2017-02-07,32.88249969482422,31.500605726529404
2017-02-08,33.0099983215332,31.85404149237871
2017-02-09,33.10499954223633,32.09462417936326
2017-02-10,33.029998779296875,32.370157794991016
2017-02-13,33.3224983215332,32.64664822423501
2017-02-14,33.755001068115234,32.99260877608549
2017-02-15,33.877498626708984,33.36161565154497
2017-02-16,33.837501525878906,33.659183990584125
2017-02-17,33.93000030517578,33.886490754730055
2017-02-21,34.17499923706055,34.08726151903008
2017-02-22,34.27750015258789,34.693981730697686
2017-02-23,34.13249969482422,34.75807680140935
2017-02-24,34.165000915527344,34.85873153025753
2017-02-27,34.23249816894531,34.81387148978462
2017-02-28,34.247501373291016,35.15008152492555
2017-03-01,34.9474983215332,35.232644941581114
2017-03-02,34.7400016784668,35.178859323149055
2017-03-03,34.94499969482422,35.25211616631463
2017-03-06,34.834999084472656,34.781806246011335
2017-03-07,34.880001068115234,35.63846576193951
2017-03-08,34.75,35.7686840855438
2017-03-09,34.66999816894531,35.48197210249642
2017-03-10,34.78499984741211,35.404031468785796
2017-03-13,34.79999923706055,35.113564632499035
2017-03-14,34.747501373291016,35.502541447988
2017-03-15,35.1150016784668,35.50571640366427
2017-03-16,35.17250061035156,35.25777000505007
2017-03-17,34.997501373291016,35.27235892862014
2017-03-20,35.3650016784668,35.15678320786094
2017-03-21,34.959999084472656,35.3773653618453
2017-03-22,35.35499954223633,35.51210979855993
2017-03-23,35.22999954223633,35.34296870790386
2017-03-24,35.15999984741211,35.39448277131991
2017-03-27,35.220001220703125,35.58849916475051
2017-03-28,35.95000076293945,35.40460474240478
2017-03-29,36.029998779296875,35.71995543900391
2017-03-30,35.98249816894531,35.66385314688414
2017-03-31,35.915000915527344,35.75394287941659
2017-04-03,35.92499923706055,35.8000908915937
2017-04-04,36.192501068115234,35.919031751624466
2017-04-05,36.005001068115234,36.15455449346849
2017-04-06,35.915000915527344,36.07272590551363
2017-04-07,35.834999084472656,36.114853351116956
2017-04-10,35.79249954223633,36.12819728547271
2017-04-11,35.407501220703125,36.16334200786213
2017-04-12,35.45000076293945,36.26679126953157
2017-04-13,35.26250076293945,36.11060018250682
2017-04-17,35.45750045776367,36.04644194578561
2017-04-18,35.29999923706055,36.007764404069
2017-04-19,35.16999816894531,36.04317443517859
2017-04-20,35.61000061035156,35.79389147042659
2017-04-21,35.567501068115234,35.78631032222746
2017-04-24,35.90999984741211,35.96397288512542
2017-04-25,36.13249969482422,35.69293100699297
2017-04-26,35.91999816894531,35.882118441751544
2017-04-27,35.9474983215332,35.75280462849541
2017-04-28,35.912498474121094,35.76796937366757
2017-05-01,36.64500045776367,35.69601071436644
2017-05-02,36.877498626708984,35.86319939074747
2017-05-03,36.76499938964844,36.14927249836106
2017-05-04,36.63249969482422,36.184059972905544
2017-05-05,37.2400016784668,36.24727398260315
2017-05-08,38.252498626708984,36.28670282823782
2017-05-09,38.497501373291016,36.6538186760566
2017-05-10,38.314998626708984,37.06777040504054
2017-05-11,38.48749923706055,37.32231976082135
2017-05-12,39.025001525878906,37.66722757344603
2017-05-15,38.92499923706055,38.05110469307331
2017-05-16,38.86750030517578,38.4950766883147
2017-05-17,37.5625,39.07869386132379
2017-05-18,38.1349983215332,38.85634568116124
2017-05-19,38.26499938964844,38.91600239548119
2017-05-22,38.497501373291016,39.03869233621502
2017-05-23,38.45000076293945,39.179112342792365
2017-05-24,38.334999084472656,39.25719628863402
2017-05-25,38.467498779296875,39.165932494291845
2017-05-26,38.40250015258789,39.17314275376792
2017-05-30,38.41749954223633,39.106998488868285
2017-05-31,38.189998626708984,39.35604349344988
2017-06-01,38.29499816894531,39.24122102057308
2017-06-02,38.86249923706055,39.24279263851773
2017-06-05,38.48249816894531,39.45912328011495
2017-06-06,38.61249923706055,39.29836206468237
2017-06-07,38.842498779296875,39.20126769520366
2017-06-08,38.747501373291016,38.828956069236156
2017-06-09,37.244998931884766,38.84284694748905
2017-06-12,36.35499954223633,38.820094085528524
2017-06-13,36.647499084472656,38.19806948925412
2017-06-14,36.290000915527344,37.98932046190712
2017-06-15,36.0724983215332,37.64423415267022
2017-06-16,35.567501068115234,37.37182163333472
2017-06-19,36.584999084472656,36.78384126980481
2017-06-20,36.252498626708984,36.813526311541835
2017-06-21,36.467498779296875,36.64608237539543
2017-06-22,36.407501220703125,36.36013326148036
2017-06-23,36.56999969482422,36.2576431101711
2017-06-26,36.45500183105469,35.28111788955867
2017-06-27,35.932498931884766,36.04583811628987
2017-06-28,36.45750045776367,35.873747737287665
2017-06-29,35.91999816894531,35.75208224917087
2017-06-30,36.005001068115234,35.68825236804142
2017-07-03,35.875,35.44032623700733
2017-07-05,36.022499084472656,35.496935811788354
2017-07-06,35.682498931884766,35.35706437036765
2017-07-07,36.04499816894531,35.30591129479889
2017-07-10,36.26499938964844,35.04218113285091
2017-07-11,36.38249969482422,35.302372714272614
2017-07-12,36.435001373291016,35.381409304000925
2017-07-13,36.942501068115234,35.42758016835822
2017-07-14,37.2599983215332,35.7047747174898
2017-07-17,37.38999938964844,35.853279925120205
2017-07-18,37.52000045776367,36.21594274239497
2017-07-19,37.755001068115234,36.38800551888268
2017-07-20,37.584999084472656,36.73488805102138
2017-07-21,37.567501068115234,36.91316361439514
2017-07-24,38.022499084472656,36.785843446062024
2017-07-25,38.185001373291016,37.41949782286676
2017-07-26,38.3650016784668,37.55443075396649
2017-07-27,37.63999938964844,37.81301222714501
2017-07-28,37.375,37.90302547802745
2017-07-31,37.182498931884766,37.99822189909482
2017-08-01,37.51250076293945,38.173578324614766
2017-08-02,39.28499984741211,38.037045567636746
2017-08-03,38.89250183105469,38.270528643171176
2017-08-04,39.09749984741211,38.439511337043044
2017-08-07,39.70249938964844,38.39762316745212
2017-08-08,40.02000045776367,39.12203430703109
2017-08-09,40.26499938964844,39.35466391673086
2017-08-10,38.83000183105469,39.500008659899024
2017-08-11,39.369998931884766,39.49942243433667
2017-08-14,39.962501525878906,39.30192908674703
2017-08-15,40.400001525878906,40.01383029564664
2017-08-16,40.23749923706055,40.14117136931725
2017-08-17,39.46500015258789,40.11039990692241
2017-08-18,39.375,40.14273020949282
2017-08-21,39.3025016784668,40.20894735464696
2017-08-22,39.94499969482422,40.44904388944094
2017-08-23,39.994998931884766,40.445900372835055
2017-08-24,39.817501068115234,40.287758850234724
2017-08-25,39.96500015258789,40.38605210335404
2017-08-28,40.36750030517578,40.92238034497312
2017-08-29,40.727500915527344,40.791934250480764
2017-08-30,40.837501525878906,40.86569253288652
2017-08-31,41.0,40.71948025320215
2017-09-01,41.01250076293945,40.855586398332356
2017-09-05,40.52000045776367,41.38719788823814
2017-09-06,40.477500915527344,41.332868183313806
2017-09-07,40.314998626708984,40.996408819410185
2017-09-08,39.657501220703125,40.95530164467409
2017-09-11,40.375,40.8456534411969
2017-09-12,40.21500015258789,41.04592043792698
2017-09-13,39.912498474121094,40.94014279117145
2017-09-14,39.56999969482422,40.59321810946225
2017-09-15,39.970001220703125,40.45015603480248
2017-09-18,39.66749954223633,40.46439033750077
2017-09-19,39.682498931884766,40.51128184686265
2017-09-20,39.01750183105469,40.436396832445624
2017-09-21,38.34749984741211,39.99040612815452
2017-09-22,37.97249984741211,39.82302722977664
2017-09-25,37.63750076293945,39.01516399081739
2017-09-26,38.28499984741211,39.3023001231616
2017-09-27,38.557498931884766,39.06496929965455
2017-09-28,38.31999969482422,38.47084741746327
2017-09-29,38.529998779296875,38.34504351615247
2017-10-02,38.45249938964844,38.14192952493261
2017-10-03,38.619998931884766,38.23665995769465
2017-10-04,38.369998931884766,38.21866699757951
2017-10-05,38.84749984741211,37.85342839141734
2017-10-06,38.82500076293945,37.90590382009274
2017-10-09,38.959999084472656,38.144267031788786
2017-10-10,38.974998474121094,38.15143864496642
2017-10-11,39.13750076293945,38.26997972107148
2017-10-12,39.0,38.04364416195429
2017-10-13,39.247501373291016,38.110525532999084
2017-10-16,39.970001220703125,38.04112781738462
2017-10-17,40.11750030517578,38.46345322492209
2017-10-18,39.939998626708984,38.80453079446816
2017-10-19,38.994998931884766,38.745913793093266
2017-10-20,39.0625,38.93129876979421
2017-10-23,39.04249954223633,38.86518256763171
2017-10-24,39.275001525878906,39.36371888792845
2017-10-25,39.102500915527344,39.623995620683836
2017-10-26,39.352500915527344,39.236746515075374
2017-10-27,40.76250076293945,39.27544373400075
2017-10-30,41.68000030517578,40.48604413304046
2017-10-31,42.2599983215332,40.1558443111248
2017-11-01,41.72249984741211,40.69895002808498
2017-11-02,42.02750015258789,40.60506187388188
2017-11-03,43.125,40.95867441475131
2017-11-06,43.5625,41.64892830758913
2017-11-07,43.70249938964844,42.23623945193769
2017-11-08,44.060001373291016,42.66726496091063
2017-11-09,43.970001220703125,42.69224251804714
2017-11-10,43.66749954223633,43.258122352428856
2017-11-13,43.49250030517578,43.88118685346426
2017-11-14,42.834999084472656,44.13772714757415
2017-11-15,42.27000045776367,44.24205537471247
2017-11-16,42.775001525878906,43.83530461927417
2017-11-17,42.537498474121094,43.97527608695613
2017-11-20,42.494998931884766,44.39776033052636
2017-11-21,43.28499984741211,44.29901571332224
2017-11-22,43.7400016784668,44.19418301536611
2017-11-24,43.74250030517578,44.031388474930274
2017-11-27,43.522499084472656,44.222545694836086
2017-11-28,43.26750183105469,44.66848247354881
2017-11-29,42.369998931884766,44.63237063972979
2017-11-30,42.962501525878906,44.15467309543441
2017-12-01,42.76250076293945,44.14583904949838
2017-12-04,42.45000076293945,43.574313095356395
2017-12-05,42.40999984741211,43.99328319394455
2017-12-06,42.252498626708984,43.68526824072893
2017-12-07,42.33000183105469,42.697954729492245
2017-12-08,42.342498779296875,42.711758484947005
2017-12-11,43.16749954223633,42.68688402902299
2017-12-12,42.92499923706055,42.78340973733517
2017-12-13,43.067501068115234,42.76374607935453
2017-12-14,43.05500030517578,42.504156656192386
2017-12-15,43.49250030517578,42.68531678383168
2017-12-18,44.10499954223633,42.88455363434803
2017-12-19,43.6349983215332,43.17004763126017
2017-12-20,43.587501525878906,43.19040994994104
2017-12-21,43.752498626708984,42.96709504820533
2017-12-22,43.752498626708984,43.230980614115005
2017-12-26,42.64250183105469,43.09932274418832
2017-12-27,42.650001525878906,43.30133136476275
2017-12-28,42.77000045776367,43.04117019379768
2017-12-29,42.307498931884766,43.13470454690871
2018-01-02,43.064998626708984,43.12384939224103
2018-01-03,43.057498931884766,43.0663623954573
2018-01-04,43.25749969482422,42.8891421484617
2018-01-05,43.75,43.02506161946898
2018-01-08,43.587501525878906,43.05219659997131
2018-01-09,43.58250045776367,43.33993201720947
2018-01-10,43.5724983215332,43.21786611670605
2018-01-11,43.81999969482422,43.16121915025208
2018-01-12,44.272499084472656,43.32975662013777
2018-01-16,44.04750061035156,42.727374288708
2018-01-17,44.775001525878906,43.52214186051081
2018-01-18,44.814998626708984,43.622822295331325
2018-01-19,44.6150016784668,43.9495306061757
2018-01-22,44.25,43.41311826030634
2018-01-23,44.2599983215332,44.202179721638494
2018-01-24,43.55500030517578,44.152497327154755
2018-01-25,42.77750015258789,44.11777625399171
2018-01-26,42.877498626708984,44.077611182726855
2018-01-29,41.9900016784668,44.00540563203504
2018-01-30,41.74250030517578,43.83885637618904
2018-01-31,41.85749816894531,43.58417800853697
2018-02-01,41.94499969482422,43.420026362373015
2018-02-02,40.125,43.38524566428237
2018-02-05,39.122501373291016,43.27161063342511
2018-02-06,40.75749969482422,42.429022838077024
2018-02-07,39.8849983215332,42.02214595078611
2018-02-08,38.787498474121094,41.55751107528079
2018-02-09,39.102500915527344,41.172622931521964
2018-02-12,40.6775016784668,41.42839798747952
2018-02-13,41.084999084472656,40.316841574358214
2018-02-14,41.842498779296875,40.17135290145234
2018-02-15,43.247501373291016,39.85514309651256
2018-02-16,43.10749816894531,40.40538889897106
2018-02-20,42.962501525878906,40.638167836351485
2018-02-21,42.76750183105469,40.59214399884103
2018-02-22,43.125,40.82889148598935
2018-02-23,43.875,41.21117613574673
2018-02-26,44.74250030517578,41.758173566655174
2018-02-27,44.59749984741211,41.845875249841086
2018-02-28,44.529998779296875,42.03583230977971
2018-03-01,43.75,42.22358988653826
2018-03-02,44.0525016784668,42.546507111481986
2018-03-05,44.20500183105469,42.8439664644552
2018-03-06,44.16749954223633,43.18084369401408
2018-03-07,43.75749969482422,43.43765461915542
2018-03-08,44.23500061035156,44.333688927000374
2018-03-09,44.994998931884766,44.5256002652786
2018-03-12,45.43000030517578,44.70187773375896
2018-03-13,44.99250030517578,45.34015629639778
2018-03-14,44.61000061035156,45.34353609013414
2018-03-15,44.662498474121094,45.346036204802644
2018-03-16,44.505001068115234,45.45471972347489
2018-03-19,43.82500076293945,44.81991179395902
2018-03-20,43.810001373291016,45.46095488072627
2018-03-21,42.817501068115234,45.12136450522332
2018-03-22,42.212501525878906,44.871717448368784
2018-03-23,41.23500061035156,44.78785525032184
2018-03-26,43.192501068115234,43.08330165995848
2018-03-27,42.084999084472656,44.414219007297135
2018-03-28,41.619998931884766,43.960212443020886
2018-03-29,41.94499969482422,43.77399896941414
2018-04-02,41.66999816894531,43.60868000605478
2018-04-03,42.09749984741211,43.62134460081808
2018-04-04,42.90250015258789,43.280952037891424
2018-04-05,43.20000076293945,43.26713365736609
2018-04-06,42.095001220703125,43.34107839104223
2018-04-09,42.51250076293945,42.66132010219444
2018-04-10,43.3125,42.18827259463777
2018-04-11,43.11000061035156,42.11751868519185
2018-04-12,43.53499984741211,42.36150485097557
2018-04-13,43.682498931884766,42.312429535345565
2018-04-16,43.95500183105469,42.47337516367631
2018-04-17,44.560001373291016,43.07175532430026
2018-04-18,44.459999084472656,43.22930838667244
2018-04-19,43.20000076293945,43.36914197539636
2018-04-20,41.43000030517578,43.26010058737257
2018-04-23,41.310001373291016,43.4125714199143
2018-04-24,40.73500061035156,43.06619938349103
2018-04-25,40.912498474121094,42.69758839449565
2018-04-26,41.05500030517578,42.50720455232747
2018-04-27,40.58000183105469,42.27369888484641
2018-04-30,41.314998626708984,41.827233693219064
2018-05-01,42.275001525878906,42.00908880348417
2018-05-02,44.14250183105469,41.85277134779772
2018-05-03,44.22249984741211,42.08417802563207
2018-05-04,45.95750045776367,42.10182567830873
2018-05-07,46.290000915527344,41.88048742886239
2018-05-08,46.51250076293945,43.04916748322919
2018-05-09,46.84000015258789,43.28385298237793
2018-05-10,47.5099983215332,43.47546523672147
2018-05-11,47.147499084472656,43.672415436787446
2018-05-14,47.037498474121094,44.208833777623454
2018-05-15,46.61000061035156,44.7588868482737
2018-05-16,47.04499816894531,44.972974307044254
2018-05-17,46.747501373291016,45.422509904965715
2018-05-18,46.57749938964844,45.62137560147327
2018-05-21,46.907501220703125,46.17676972595244
2018-05-22,46.790000915527344,46.31197837659456
2018-05-23,47.09000015258789,46.90535677183604
2018-05-24,47.037498474121094,46.88723935802901
2018-05-25,47.14500045776367,47.00492493982694
2018-05-29,46.974998474121094,47.0929889556684
2018-05-30,46.875,47.73713464475014
2018-05-31,46.717498779296875,48.038614067491054
2018-06-01,47.560001373291016,47.725854698569606
2018-06-04,47.95750045776367,47.90041898863653
2018-06-05,48.32749938964844,48.21155657784066
2018-06-06,48.494998931884766,48.3378292203666
2018-06-07,48.3650016784668,48.49606614246308
2018-06-08,47.92499923706055,48.53805526778179
2018-06-11,47.807498931884766,49.25868989166809
2018-06-12,48.06999969482422,48.776781968340735
2018-06-13,47.67499923706055,48.86857375877481
2018-06-14,47.70000076293945,48.82957063379198
2018-06-15,47.209999084472656,48.819949950482155
2018-06-18,47.185001373291016,50.37525956328743
2018-06-19,46.42250061035156,49.04585580833105
2018-06-20,46.625,48.96131244172573
2018-06-21,46.3650016784668,48.69403860235889
2018-06-22,46.22999954223633,48.02750510000511
2018-06-25,45.54249954223633,48.48359433438474
2018-06-26,46.10749816894531,47.71446793698042
2018-06-27,46.040000915527344,47.38208861031213
2018-06-28,46.375,47.03456139642189
2018-06-29,46.27750015258789,46.782754989650954
2018-07-02,46.79499816894531,46.61564944819389
2018-07-03,45.97999954223633,46.54927164211313
2018-07-05,46.349998474121094,46.373622474496706
2018-07-06,46.99250030517578,46.151529779776254
2018-07-09,47.64500045776367,44.975546543343036
2018-07-10,47.587501525878906,46.28016545751066
2018-07-11,46.970001220703125,46.53890470826677
2018-07-12,47.75749969482422,46.58613393999565
2018-07-13,47.83250045776367,46.611550831611574
2018-07-16,47.727500915527344,46.089583445242035
2018-07-17,47.86249923706055,46.921325699626856
2018-07-18,47.599998474121094,47.08924356956567
2018-07-19,47.970001220703125,47.05277943890832
2018-07-20,47.86000061035156,47.063843521294686
2018-07-23,47.90250015258789,47.3248641801487
2018-07-24,48.25,47.26931682519854
2018-07-25,48.70500183105469,47.464747205849456
2018-07-26,48.5525016784668,47.63069453842269
2018-07-27,47.744998931884766,47.739871872520276
2018-07-30,47.477500915527344,47.71717696561848
2018-07-31,47.5724983215332,47.837709837821365
2018-08-01,50.375,48.00315205487194
2018-08-02,51.84749984741211,48.34784269047256
2018-08-03,51.997501373291016,48.551846924467355
2018-08-06,52.26750183105469,50.13116143959614
2018-08-07,51.77750015258789,49.65762079101261
2018-08-08,51.8125,50.31236456863825
2018-08-09,52.220001220703125,50.73753216557603
2018-08-10,51.88249969482422,50.90402143356463
2018-08-13,52.217498779296875,52.36276548617547
2018-08-14,52.4375,51.87270055658213
2018-08-15,52.560001373291016,52.40245160772176
2018-08-16,53.33000183105469,52.515593017674966
2018-08-17,54.39500045776367,52.755878328240804
2018-08-20,53.8650016784668,53.19641566663891
2018-08-21,53.7599983215332,53.59896610881543
2018-08-22,53.76250076293945,54.15002301201928
2018-08-23,53.872501373291016,54.37519112871222
2018-08-24,54.040000915527344,54.38075489144909
2018-08-27,54.48500061035156,54.90939532027491
2018-08-28,54.92499923706055,54.877620710053556
2018-08-29,55.744998931884766,55.287775656999564
2018-08-30,56.25749969482422,55.561580907372615
2018-08-31,56.907501220703125,55.74155713823619
2018-09-04,57.09000015258789,56.586494337769615
2018-09-05,56.717498779296875,56.97466777743168
2018-09-06,55.775001525878906,57.19206198139608
2018-09-07,55.32500076293945,57.136222516701395
2018-09-10,54.58250045776367,58.677555895112
2018-09-11,55.962501525878906,57.076654870520606
2018-09-12,55.26750183105469,57.42760762920792
2018-09-13,56.602500915527344,57.33840646800151
2018-09-14,55.959999084472656,57.208113594000494
2018-09-17,54.470001220703125,56.80596974172826
2018-09-18,54.560001373291016,56.90207675243211
2018-09-19,54.592498779296875,56.804527392706426
2018-09-20,55.00749969482422,56.633944832274
2018-09-21,54.415000915527344,56.33510899060484
2018-09-24,55.1974983215332,54.06651103879042
2018-09-25,55.54750061035156,55.83696579115198
2018-09-26,55.10499954223633,55.875171133996254
2018-09-27,56.23749923706055,55.61059842353064
2018-09-28,56.435001373291016,55.55247062708554
2018-10-01,56.814998626708984,55.27824329216077
2018-10-02,57.31999969482422,55.552563322048144
2018-10-03,58.01750183105469,56.00673826729641
2018-10-04,56.997501373291016,56.474624044048504
2018-10-05,56.0724983215332,56.48884497219995
2018-10-08,55.942501068115234,56.17019196324834
2018-10-09,56.717498779296875,56.3969457055657
2018-10-10,54.09000015258789,56.52966920949315
2018-10-11,53.61249923706055,56.48281443992711
2018-10-12,55.52750015258789,56.01124280506873
2018-10-15,54.34000015258789,55.35713822756921
2018-10-16,55.537498474121094,55.736833416224194
2018-10-17,55.29750061035156,55.698581415510404
2018-10-18,54.005001068115234,55.826176091726936
2018-10-19,54.82749938964844,55.58962493182037
2018-10-22,55.162498474121094,54.78331901675798
2018-10-23,55.682498931884766,55.41718154672664
2018-10-24,53.772499084472656,55.37124595011269
2018-10-25,54.95000076293945,55.23723243276422
2018-10-26,54.07500076293945,55.12568091571895
2018-10-29,53.060001373291016,55.077640446550674
2018-10-30,53.32500076293945,54.51850192492102
2018-10-31,54.71500015258789,54.03069554845794
2018-11-01,55.55500030517578,54.09930168347649
2018-11-02,51.869998931884766,54.26821432403385
2018-11-05,50.397499084472656,54.40123285096312
2018-11-06,50.942501068115234,53.1717838072999
2018-11-07,52.48749923706055,52.71882194264495
2018-11-08,52.122501373291016,52.80442740903014
2018-11-09,51.11750030517578,52.383745439777684
2018-11-12,48.54249954223633,52.59199708712856
2018-11-13,48.057498931884766,51.296369354966416
2018-11-14,46.70000076293945,50.67645920529834
2018-11-15,47.852500915527344,50.15472064220342
2018-11-16,48.38249969482422,49.396259885991405
2018-11-19,46.46500015258789,49.0706630934882
2018-11-20,44.244998931884766,47.99731491044831
2018-11-21,44.19499969482422,46.83122984646799
2018-11-23,43.0724983215332,46.34444391471613
2018-11-26,43.654998779296875,44.96590346067329
2018-11-27,43.560001373291016,43.76057947545987
2018-11-28,45.23500061035156,43.23632140317634
2018-11-29,44.88750076293945,43.43492919124823
2018-11-30,44.64500045776367,42.952098095297515
2018-12-03,46.20500183105469,42.94467869975852
2018-12-04,44.17250061035156,42.356190565861965
2018-12-06,43.68000030517578,42.44813915519987
2018-12-07,42.122501373291016,42.07739293528423
2018-12-10,42.400001525878906,42.094013201013595
2018-12-11,42.157501220703125,41.03896638028532
2018-12-12,42.275001525878906,40.94011663997113
2018-12-13,42.73749923706055,41.32851194326523
2018-12-14,41.369998931884766,40.79034874430977
2018-12-17,40.98500061035156,40.31826137438216
2018-12-18,41.51750183105469,39.860946249690784
2018-12-19,40.22249984741211,39.860039381233165
2018-12-20,39.20750045776367,40.162226660734724
2018-12-21,37.682498931884766,39.65983373304409
2018-12-24,36.70750045776367,37.222164509140725
2018-12-26,39.29249954223633,38.3119491143563
2018-12-27,39.037498474121094,38.3090333041645
2018-12-28,39.057498931884766,37.627321101608906
2018-12-31,39.435001373291016,37.74750646218382
2019-01-02,39.47999954223633,37.45489121341032
2019-01-03,35.54750061035156,37.618343232494496
2019-01-04,37.064998626708984,36.617331545551394
2019-01-07,36.98249816894531,35.89757793611333
2019-01-08,37.6875,36.15802377093626
2019-01-09,38.32749938964844,36.12020488606572
2019-01-10,38.45000076293945,36.283731378921125
2019-01-11,38.0724983215332,36.00302991685588
2019-01-14,37.5,35.94640439898194
2019-01-15,38.26750183105469,36.108424389503
2019-01-16,38.73500061035156,36.177543278878126
2019-01-17,38.96500015258789,36.46344664108404
2019-01-18,39.20500183105469,36.31255506542681
2019-01-22,38.32500076293945,35.86751703933006
2019-01-23,38.47999954223633,37.0015548544213
2019-01-24,38.17499923706055,37.22940732505895
2019-01-25,39.439998626708984,37.03868465537944
2019-01-28,39.07500076293945,37.68957887097312
2019-01-29,38.66999816894531,38.01202275668515
2019-01-30,41.3125,38.05558324664495
2019-01-31,41.61000061035156,38.66684991551979
2019-02-01,41.630001068115234,38.86608796575466
2019-02-04,42.8125,39.31010439020786
2019-02-05,43.54499816894531,40.26840254455452
2019-02-06,43.560001373291016,40.899226395986176
2019-02-07,42.73500061035156,41.71966412472468
2019-02-08,42.602500915527344,41.678622763111555
2019-02-11,42.35749816894531,42.141830548137385
2019-02-12,42.72249984741211,42.6662304830747
2019-02-13,42.54499816894531,43.067315455641925
2019-02-14,42.70000076293945,43.193961286211575
2019-02-15,42.60499954223633,42.963830022162554
2019-02-19,42.73249816894531,41.84480378884178
2019-02-20,43.00749969482422,43.93032396940475
2019-02-21,42.76499938964844,44.002510180468455
2019-02-22,43.24250030517578,43.58150527860383
2019-02-25,43.557498931884766,42.98362704566319
2019-02-26,43.58250045776367,44.207999700965026
2019-02-27,43.717498779296875,44.471236361014796
2019-02-28,43.287498474121094,44.51225091928971
2019-03-01,43.74250030517578,44.22232041736997
2019-03-04,43.962501525878906,44.3295905083918
2019-03-05,43.88249969482422,44.69131149041854
2019-03-06,43.630001068115234,44.910201596098545
2019-03-07,43.125,44.935533380764504
2019-03-08,43.227500915527344,44.60015633926906
2019-03-11,44.724998474121094,42.89710064811595
2019-03-12,45.227500915527344,44.78550945696706
2019-03-13,45.4275016784668,45.24396187624328
2019-03-14,45.932498931884766,45.316128737366576
2019-03-15,46.529998779296875,45.11583547760534
2019-03-18,47.005001068115234,44.16321744723237
2019-03-19,46.63249969482422,45.93803105138102
2019-03-20,47.040000915527344,46.43564601818358
2019-03-21,48.772499084472656,46.62348997321506
2019-03-22,47.76250076293945,46.5223825863466
2019-03-25,47.185001373291016,46.90574324009098
2019-03-26,46.6974983215332,47.12273211931905
2019-03-27,47.11750030517578,47.59759035246303
2019-03-28,47.18000030517578,47.74816533393236
2019-03-29,47.48749923706055,47.40356467945416
2019-04-01,47.810001373291016,49.622994233750376
2019-04-02,48.505001068115234,47.88974033054002
2019-04-03,48.837501525878906,48.41441902818397
2019-04-04,48.92250061035156,48.51928167975505
2019-04-05,49.25,48.46100882779724
2019-04-08,50.025001525878906,50.44341593032121
2019-04-09,49.875,49.1029046820534
2019-04-10,50.154998779296875,49.57861794525452
2019-04-11,49.73749923706055,49.774332315875604
2019-04-12,49.717498779296875,49.751547977163895
2019-04-15,49.807498931884766,50.512629413698996
2019-04-16,49.8125,50.199274688625806
2019-04-17,50.782501220703125,50.60162852945668
2019-04-18,50.96500015258789,50.62029623833193
2019-04-22,51.13249969482422,50.63605978983832
2019-04-23,51.869998931884766,51.27685203908494
2019-04-24,51.790000915527344,51.849041881564304
2019-04-25,51.31999969482422,51.7626058571988
2019-04-26,51.07500076293945,51.737387891017484
2019-04-29,51.15250015258789,51.80424897242303
2019-04-30,50.16749954223633,52.20318433505503
2019-05-01,52.630001068115234,52.45044343460865
2019-05-02,52.287498474121094,52.37285868416321
2019-05-03,52.9375,52.372826720921196
2019-05-06,52.119998931884766,52.60791869596779
2019-05-07,50.71500015258789,52.936218715610245
2019-05-08,50.724998474121094,53.239581569244514
2019-05-09,50.18000030517578,52.72973639711043
2019-05-10,49.29499816894531,52.488491615246154
2019-05-13,46.43000030517578,53.15944060652157
2019-05-14,47.165000915527344,51.67772766850785
2019-05-15,47.72999954223633,51.51877687028419
2019-05-16,47.52000045776367,50.59800897811409
2019-05-17,47.25,49.90502404404628
2019-05-20,45.772499084472656,49.77696851950814
2019-05-21,46.650001525878906,48.43413182085984
2019-05-22,45.69499969482422,48.286596457516545
2019-05-23,44.915000915527344,47.44383280057703
2019-05-24,44.74250030517578,46.765615176546845
2019-05-28,44.557498931884766,47.300723040472924
2019-05-29,44.345001220703125,45.192961339956724
2019-05-30,44.57500076293945,43.99026106431016
2019-05-31,43.76750183105469,43.787728693929076
2019-06-03,43.32500076293945,43.213988234946186
2019-06-04,44.90999984741211,42.453667658158125
2019-06-05,45.6349983215332,42.94382639832552
2019-06-06,46.30500030517578,42.94180775459346
2019-06-07,47.537498474121094,43.16122301433772
2019-06-10,48.14500045776367,43.079152468081105
2019-06-11,48.70249938964844,43.569684605936764
2019-06-12,48.54750061035156,44.41039929396826
2019-06-13,48.537498474121094,44.660294392563586
2019-06-14,48.185001373291016,44.96972936506125
2019-06-17,48.47249984741211,44.59794807905157
2019-06-18,49.61249923706055,45.15695026438322
2019-06-19,49.467498779296875,45.91311067488731
2019-06-20,49.8650016784668,46.8855983492644
2019-06-21,49.69499969482422,47.900531414596436
2019-06-24,49.64500045776367,47.05734083069859
2019-06-25,48.89250183105469,49.20181226539949
2019-06-26,49.95000076293945,49.929635188183305
2019-06-27,49.935001373291016,50.74986743745107
2019-06-28,49.47999954223633,50.69759268353042
2019-07-01,50.38750076293945,51.310277655586916
2019-07-02,50.682498931884766,51.21681232060821
2019-07-03,51.102500915527344,51.55718669872592
2019-07-05,51.057498931884766,51.47988515592551
2019-07-08,50.005001068115234,51.93100777806303
2019-07-09,50.310001373291016,51.96750643027932
2019-07-10,50.807498931884766,52.10184346844506
2019-07-11,50.4375,52.11737959152144
2019-07-12,50.82500076293945,51.92608833720475
2019-07-15,51.3025016784668,51.912943271412225
2019-07-16,51.125,52.046881825522604
2019-07-17,50.837501525878906,52.27182898339989
2019-07-18,51.415000915527344,51.863811448314166
2019-07-19,50.647499084472656,51.60639385577264
2019-07-22,51.80500030517578,51.77294482804323
2019-07-23,52.209999084472656,51.675403319197436
2019-07-24,52.16749954223633,52.08241202683004
2019-07-25,51.755001068115234,52.03204503601179
2019-07-26,51.935001373291016,52.01768599762315
2019-07-29,52.41999816894531,51.99047215225587
2019-07-30,52.19499969482422,52.23566861739305
2019-07-31,53.2599983215332,52.64985039186621
2019-08-01,52.10749816894531,52.760620277846776
2019-08-02,51.005001068115234,52.59211285568753
2019-08-05,48.334999084472656,52.04336200647698
2019-08-06,49.25,52.07046529449415
2019-08-07,49.7599983215332,52.09114238615947
2019-08-08,50.85749816894531,51.69518309577612
2019-08-09,50.247501373291016,51.398116597926084
2019-08-12,50.119998931884766,50.94619369007652
2019-08-13,52.24250030517578,51.01117982454762
2019-08-14,50.6875,51.436351564435526
2019-08-15,50.435001373291016,51.1238320709323
2019-08-16,51.625,50.93604116816632
2019-08-19,52.587501525878906,50.42636899077164
2019-08-20,52.59000015258789,51.24008734927942
2019-08-21,53.15999984741211,51.636646046284845
2019-08-22,53.1150016784668,51.71876946073887
2019-08-23,50.65999984741211,51.86796719348806
2019-08-26,51.622501373291016,51.25697390108666
2019-08-27,51.040000915527344,51.86086664288912
2019-08-28,51.38249969482422,52.02346590183628
2019-08-29,52.252498626708984,51.84769042562421
2019-08-30,52.185001373291016,51.657706999823645
2019-09-03,51.42499923706055,51.443566201962796
2019-09-04,52.29750061035156,52.13972218773575
2019-09-05,53.31999969482422,52.00188966611462
2019-09-06,53.314998626708984,51.94331036402512
2019-09-09,53.54249954223633,50.73236947597843
2019-09-10,54.17499923706055,52.32745675486723
2019-09-11,55.897499084472656,52.75364551945534
2019-09-12,55.772499084472656,53.11661048320469
2019-09-13,54.6875,53.51388018652649
2019-09-16,54.974998474121094,53.258980080636086
2019-09-17,55.17499923706055,54.289452403073874
2019-09-18,55.692501068115234,54.84261111428694
2019-09-19,55.2400016784668,55.05055797050353
2019-09-20,54.432498931884766,54.95639477256563
2019-09-23,54.68000030517578,53.95031680034788
2019-09-24,54.41999816894531,55.46291533263864
2019-09-25,55.25749969482422,55.665043079195904
2019-09-26,54.97249984741211,55.644317627558124
2019-09-27,54.70500183105469,55.42716743730531
2019-09-30,55.99250030517578,56.403944396193594
2019-10-01,56.147499084472656,55.80516073050965
2019-10-02,54.7400016784668,56.24618086976255
2019-10-03,55.20500183105469,56.088783875975984
2019-10-04,56.752498626708984,55.69854660557628
2019-10-07,56.76499938964844,56.86091084550697
2019-10-08,56.099998474121094,56.37043053976543
2019-10-09,56.75749969482422,56.64531479454595
2019-10-10,57.522499084472656,56.71236447280029
2019-10-11,59.0525016784668,56.633970867329225
2019-10-14,58.967498779296875,58.441890411775965
2019-10-15,58.83000183105469,57.54573120451124
2019-10-16,58.592498779296875,58.03888336181556
2019-10-17,58.81999969482422,58.1958093538811
2019-10-18,59.102500915527344,58.19253074256528
2019-10-21,60.127498626708984,58.28479412885105
2019-10-22,59.9900016784668,58.9858786453259
2019-10-23,60.79499816894531,59.5936461914949
2019-10-24,60.89500045776367,59.96191690251168
2019-10-25,61.64500045776367,60.0973188499923
2019-10-28,62.26250076293945,59.49014210756383
2019-10-29,60.8224983215332,61.2781749515129
2019-10-30,60.814998626708984,61.72342062112837
2019-10-31,62.189998626708984,61.860853083783724
2019-11-01,63.95500183105469,61.970100627240946
2019-11-04,64.375,62.316159455592945
2019-11-05,64.28250122070312,63.172506258002606
2019-11-06,64.30999755859375,63.88596989148787
2019-11-07,64.85749816894531,64.23152268837592
2019-11-08,65.03500366210938,64.4632180086155
2019-11-11,65.55000305175781,64.59879823467719
2019-11-12,65.48999786376953,65.44993074724566
2019-11-13,66.11750030517578,65.90031264374014
2019-11-14,65.66000366210938,66.27774098658395
2019-11-15,66.44000244140625,66.34566075237564
2019-11-18,66.7750015258789,66.31745397915135
2019-11-19,66.57250213623047,67.15907375418273
2019-11-20,65.79750061035156,67.49136086487691
2019-11-21,65.50250244140625,67.58435325407847
2019-11-22,65.44499969482422,67.54791448423393
2019-11-25,66.59249877929688,67.52502261593926
2019-11-26,66.07250213623047,67.93366255592643
2019-11-27,66.95999908447266,68.09382507078173
2019-11-29,66.8125,68.16739962161797
2019-12-02,66.04000091552734,67.9931571477018
2019-12-03,64.86250305175781,68.23803378496554
2019-12-04,65.43499755859375,68.05814100961742
2019-12-05,66.3949966430664,67.5055748973543
2019-12-06,67.67749786376953,67.36255579233018
2019-12-09,66.7300033569336,66.7824840404644
2019-12-10,67.12000274658203,67.1981339308657
2019-12-11,67.69249725341797,67.41767709463632
2019-12-12,67.86499786376953,67.3071496659144
2019-12-13,68.7874984741211,67.5401058920902
2019-12-16,69.96499633789062,68.01526479928586
2019-12-17,70.10250091552734,67.8505958187989
2019-12-18,69.93499755859375,68.513116606026
2019-12-19,70.00499725341797,68.93450278787493
2019-12-20,69.86000061035156,69.24299124600823
2019-12-23,71.0,71.0454454538851
2019-12-24,71.06749725341797,69.5737948942308
2019-12-26,72.47750091552734,69.95384646092766
2019-12-27,72.44999694824219,70.7233817304421
2019-12-30,72.87999725341797,70.47348052032658
2019-12-31,73.4124984741211,71.7109472516479
2020-01-02,75.0875015258789,72.47526393346915
2020-01-03,74.35749816894531,73.87720396885771
2020-01-06,74.94999694824219,73.68104502306343
2020-01-07,74.59750366210938,74.90203504094666
2020-01-08,75.79750061035156,75.25016251829165
2020-01-09,77.40750122070312,75.75937989280892
2020-01-10,77.5824966430664,76.43773907301079
2020-01-13,79.23999786376953,77.23381339039187
2020-01-14,78.16999816894531,77.62530296579564
2020-01-15,77.83499908447266,78.33700259742096
2020-01-16,78.80999755859375,78.81059921193223
2020-01-17,79.68250274658203,79.16658945048692
2020-01-21,79.14250183105469,79.36900791912262
2020-01-22,79.42500305175781,80.31534051141404
2020-01-23,79.80750274658203,80.71170326289825
2020-01-24,79.57749938964844,81.08779209255357
2020-01-27,77.23750305175781,80.75535863297034
2020-01-28,79.42250061035156,80.92528038735018
2020-01-29,81.08499908447266,81.21307543204227
2020-01-30,80.96749877929688,81.68204141558265
2020-01-31,77.37750244140625,81.9210083370069
2020-02-03,77.16500091552734,80.68824816624034
2020-02-04,79.7125015258789,81.02910617481095
2020-02-05,80.36250305175781,81.09186959419023
2020-02-06,81.30249786376953,81.1045788337963
2020-02-07,80.00749969482422,81.15900754011359
2020-02-10,80.38749694824219,81.21150040520662
2020-02-11,79.90249633789062,80.89972788564363
2020-02-12,81.80000305175781,81.06732886405291
2020-02-13,81.21749877929688,81.18702166208028
2020-02-14,81.23750305175781,81.2317812295386
2020-02-18,79.75,81.44771026043959
2020-02-19,80.90499877929688,81.2068188301099
2020-02-20,80.07499694824219,81.38269440245278
2020-02-21,78.26249694824219,81.22242748261863
2020-02-24,74.54499816894531,80.69971845790936
2020-02-25,72.0199966430664,79.55558776387991
2020-02-26,73.1624984741211,78.7891735981175
2020-02-27,68.37999725341797,78.08023596445413
2020-02-28,68.33999633789062,76.66768463788063
2020-03-02,74.70249938964844,74.935335253154
2020-03-03,72.33000183105469,74.48426120757978
2020-03-04,75.68499755859375,74.08762907144344
2020-03-05,73.2300033569336,73.74079531051302
2020-03-06,72.25749969482422,73.30901106503444
2020-03-09,66.5425033569336,72.79976880592005
2020-03-10,71.33499908447266,70.68010728296427
2020-03-11,68.85749816894531,70.93334796622167
2020-03-12,62.057498931884766,69.89017512050393
2020-03-13,69.49250030517578,68.33865896104832
2020-03-16,60.5525016784668,66.96604445826495
2020-03-17,63.21500015258789,65.50399192424145
2020-03-18,61.66749954223633,65.14676536610594
2020-03-19,61.19499969482422,63.461254024026566
2020-03-20,57.310001373291016,62.92395336747279
2020-03-23,56.092498779296875,60.961633140219625
2020-03-24,61.720001220703125,59.0682766992357
2020-03-25,61.380001068115234,59.27806876927805
2020-03-26,64.61000061035156,58.523088325784
2020-03-27,61.935001373291016,58.89633591094045
2020-03-30,63.70249938964844,58.944937285423315
2020-03-31,63.5724983215332,58.168894220509266
2020-04-01,60.227500915527344,58.87196567968501
2020-04-02,61.23249816894531,58.41879242925786
2020-04-03,60.352500915527344,58.00714349029834
2020-04-06,65.61750030517578,57.9793265018121
2020-04-07,64.85749816894531,57.576918360041525
2020-04-08,66.51750183105469,58.40566165149831
2020-04-09,66.99749755859375,58.29266531099761
2020-04-13,68.3125,58.577129160507816
2020-04-14,71.76249694824219,58.87821319105155
2020-04-15,71.10749816894531,60.33356396596036
2020-04-16,71.67250061035156,61.81514102994306
2020-04-17,70.69999694824219,65.33260950785223
2020-04-20,69.23249816894531,68.13060228754213
2020-04-21,67.09249877929688,67.73044215193606
2020-04-22,69.0250015258789,68.69834454398301
2020-04-23,68.75749969482422,69.55019814895805
2020-04-24,70.74250030517578,69.94689161360266
2020-04-27,70.7925033569336,71.2851725764015
2020-04-28,69.6449966430664,71.09212260575164
2020-04-29,71.93250274658203,71.97168955721624
2020-04-30,73.44999694824219,71.8685572195449
2020-05-01,72.26750183105469,72.14084666334561
2020-05-04,73.29000091552734,72.71354595765635
2020-05-05,74.38999938964844,73.60516270308409
2020-05-06,75.15750122070312,74.38115189519586
2020-05-07,75.93499755859375,74.63753264245273
2020-05-08,77.53250122070312,74.61522405258862
2020-05-11,78.75250244140625,74.87061871618037
2020-05-12,77.85250091552734,76.711772129618
2020-05-13,76.9124984741211,77.7429845196811
2020-05-14,77.38500213623047,77.79759725539903
2020-05-15,76.92749786376953,77.5865325134054
2020-05-18,78.73999786376953,76.6161435046707
2020-05-19,78.28500366210938,79.07956723823115
2020-05-20,79.80750274658203,79.9611111623346
2020-05-21,79.2125015258789,79.8361697817947
2020-05-22,79.72250366210938,79.77203190058812
2020-05-26,79.18250274658203,78.76603781733462
2020-05-27,79.52749633789062,81.92293812778307
2020-05-28,79.5625,81.83718226800887
2020-05-29,79.48500061035156,81.45434059539151
2020-06-01,80.4625015258789,80.21119097803378
2020-06-02,80.83499908447266,82.68435353684082
2020-06-03,81.27999877929688,83.15828158118934
2020-06-04,80.58000183105469,82.97221433774135
2020-06-05,82.875,82.8238287548002
2020-06-08,83.36499786376953,82.95026733512955
2020-06-09,85.99749755859375,84.27087340405849
2020-06-10,88.20999908447266,85.16018075037672
2020-06-11,83.9749984741211,85.12085679957625
2020-06-12,84.69999694824219,85.0928796311407
2020-06-15,85.74749755859375,84.11246671913878
2020-06-16,88.0199966430664,86.71890884740658
2020-06-17,87.89749908447266,87.57658425555813
2020-06-18,87.93250274658203,87.27898273297005
2020-06-19,87.43000030517578,87.39020091651615
2020-06-22,89.71749877929688,86.18973648638817
2020-06-23,91.63249969482422,89.09935179210939
2020-06-24,90.01499938964844,90.02045502286872
2020-06-25,91.20999908447266,89.6910768186418
2020-06-26,88.40750122070312,89.9289547979715
2020-06-29,90.44499969482422,88.01146827425958
2020-06-30,91.19999694824219,91.57655426876855
2020-07-01,91.02749633789062,92.28084552885494
2020-07-02,91.02749633789062,91.78409025135323
2020-07-06,93.4625015258789,91.82703889674067
2020-07-07,93.17250061035156,93.68930717811503
2020-07-08,95.34249877929688,94.0624453057403
2020-07-09,95.75250244140625,93.7876622147446
2020-07-10,95.91999816894531,94.13177684478201
2020-07-13,95.47750091552734,95.66605373552416
2020-07-14,97.05750274658203,96.09446699073942
2020-07-15,97.7249984741211,96.63232111225444
2020-07-16,96.52249908447266,96.45812577489689
2020-07-17,96.32749938964844,96.53932106779094
2020-07-20,98.35749816894531,96.84278046056183
2020-07-21,97.0,98.63549046320084
2020-07-22,97.27249908447266,98.95676101745582
2020-07-23,92.84500122070312,98.71141773568993
2020-07-24,92.61499786376953,98.53623122405186
2020-07-27,94.80999755859375,99.32705483441045
2020-07-28,93.25250244140625,99.52616894295197
2020-07-29,95.04000091552734,99.14280745865571
2020-07-30,96.19000244140625,98.15546931140405
2020-07-31,106.26000213623047,97.94941373983558
2020-08-03,108.9375,104.81727949892547
2020-08-04,109.66500091552734,101.16965369876885
2020-08-05,110.0625,101.97536248783052
2020-08-06,113.90249633789062,102.48605061317357
2020-08-07,111.11250305175781,103.5156797946372
2020-08-10,112.72750091552734,107.41145816998502
2020-08-11,109.375,107.17103483761828
2020-08-12,113.01000213623047,108.35487018492395
2020-08-13,115.01000213623047,109.36530568639213
2020-08-14,114.90750122070312,110.38126432078944
2020-08-17,114.60749816894531,112.0734882668036
2020-08-18,115.5625,114.30593730219404
2020-08-19,115.7074966430664,115.58083180969308
2020-08-20,118.2750015258789,116.50979471538048
2020-08-21,124.37000274658203,117.62854913179639
2020-08-24,125.85749816894531,119.61024001043975
2020-08-25,124.82499694824219,122.54197982744797
2020-08-26,126.52249908447266,124.66609237802699
2020-08-27,125.01000213623047,125.72667821047821
2020-08-28,124.80750274658203,126.65915345605208
2020-08-31,129.0399932861328,126.63631557730986
2020-09-01,134.17999267578125,129.74857968001746
2020-09-02,131.39999389648438,131.15744563831066
2020-09-03,120.87999725341797,131.92930206010377
2020-09-04,120.95999908447266,131.7957486787456
2020-09-08,112.81999969482422,132.55120383804035
2020-09-09,117.31999969482422,131.40682404508007
2020-09-10,113.48999786376953,129.55770850034938
2020-09-11,112.0,128.91036516227015
2020-09-14,115.36000061035156,126.25749436550795
2020-09-15,115.54000091552734,127.86794125662445
2020-09-16,112.12999725341797,127.81834508884305
2020-09-17,110.33999633789062,125.31668854815918
2020-09-18,106.83999633789062,120.95997595109091
2020-09-21,110.08000183105469,118.44100877172512
2020-09-22,111.80999755859375,117.06808955884266
2020-09-23,107.12000274658203,116.35221665331395
2020-09-24,108.22000122070312,110.52388132910713
2020-09-25,112.27999877929688,109.92790588668002
2020-09-28,114.95999908447266,109.08705521038634
2020-09-29,114.08999633789062,108.09888746908453
2020-09-30,115.80999755859375,109.26838541870174
2020-10-01,116.79000091552734,107.75716375556432
2020-10-02,113.0199966430664,109.28991499776527
2020-10-05,116.5,111.29847124791334
2020-10-06,113.16000366210938,109.94615893938497
2020-10-07,115.08000183105469,110.53849251468574
2020-10-08,114.97000122070312,109.71104861744251
2020-10-09,116.97000122070312,110.45250384364472
2020-10-12,124.4000015258789,112.24721963667193
2020-10-13,121.0999984741211,112.52237043532324
2020-10-14,121.19000244140625,113.92452537215692
2020-10-15,120.70999908447266,113.67656312319464
2020-10-16,119.0199966430664,114.64118770588051
2020-10-19,115.9800033569336,115.94052336407124
2020-10-20,117.51000213623047,115.53808151450762
2020-10-21,116.87000274658203,115.69881919200975
2020-10-22,115.75,114.81818928101052
2020-10-23,115.04000091552734,115.1216506573212
2020-10-26,115.05000305175781,115.7099065085203
2020-10-27,116.5999984741211,115.54735663319006
2020-10-28,111.19999694824219,115.6852808947903
2020-10-29,115.31999969482422,114.63896696554482
2020-10-30,108.86000061035156,114.29800909356912
2020-11-02,108.7699966430664,117.08623332971916
2020-11-03,110.44000244140625,114.02925716009604
2020-11-04,114.94999694824219,113.43393721426281
2020-11-05,119.02999877929688,112.86652128716426
2020-11-06,118.69000244140625,112.98563177993056
2020-11-09,116.31999969482422,115.40194291636564
2020-11-10,115.97000122070312,113.98801422078797
2020-11-11,119.48999786376953,114.24084018327268
2020-11-12,119.20999908447266,114.13208540097112
2020-11-13,119.26000213623047,114.05775213653715
2020-11-16,120.30000305175781,116.79042769331656
2020-11-17,119.38999938964844,115.46299691241431
2020-11-18,118.02999877929688,115.88587038653155
2020-11-19,118.63999938964844,115.60696354328854
2020-11-20,117.33999633789062,115.97935758814258
2020-11-23,113.8499984741211,117.88786105522816
2020-11-24,115.16999816894531,115.98981031336493
2020-11-25,116.02999877929688,116.45052691604528
2020-11-27,116.58999633789062,116.1404074463504
2020-11-30,119.05000305175781,118.12495396907495
2020-12-01,122.72000122070312,116.2945017142107
2020-12-02,123.08000183105469,117.0680377413458
2020-12-03,122.94000244140625,117.24529255743087
2020-12-04,122.25,117.4586657246501
2020-12-07,123.75,121.05002726809852
2020-12-08,124.37999725341797,119.37231314240104
2020-12-09,121.77999877929688,120.26771731816568
2020-12-10,123.23999786376953,120.18463261290178
2020-12-11,122.41000366210938,120.64777016755133
2020-12-14,121.77999877929688,121.68543358832763
2020-12-15,127.87999725341797,121.551627107001
2020-12-16,127.80999755859375,122.34489966024476
2020-12-17,128.6999969482422,123.28836903769376
2020-12-18,126.66000366210938,123.1574674166602
2020-12-21,128.22999572753906,118.05173514990182
2020-12-22,131.8800048828125,125.55669841436499
2020-12-23,130.9600067138672,126.41225207982102
2020-12-24,131.97000122070312,127.07982907487477
2020-12-28,136.69000244140625,127.25241131186901
2020-12-29,134.8699951171875,130.6248338181695
2020-12-30,133.72000122070312,131.2371513928002
2020-12-31,132.69000244140625,132.05417176686808
2021-01-04,129.41000366210938,131.36854492239712
2021-01-05,131.00999450683594,133.22313096428675
2021-01-06,126.5999984741211,133.04367314018788
2021-01-07,130.9199981689453,132.63270385745255
2021-01-08,132.0500030517578,131.51290039163572
2021-01-11,128.97999572753906,128.51506324901644
2021-01-12,128.8000030517578,134.02601802387582
2021-01-13,130.88999938964844,133.131564519833
2021-01-14,128.91000366210938,133.16257159711236
2021-01-15,127.13999938964844,131.89004302625438
2021-01-19,127.83000183105469,133.02185376926437
2021-01-20,132.02999877929688,133.63890678394057
2021-01-21,136.8699951171875,133.66159325000555
2021-01-22,139.07000732421875,132.4820879964627
2021-01-25,142.9199981689453,135.2229951506449
2021-01-26,143.16000366210938,136.27998275426515
2021-01-27,142.05999755859375,136.88938818409258
2021-01-28,137.08999633789062,138.02585519753683
2021-01-29,131.9600067138672,137.1678689318741
2021-02-01,134.13999938964844,142.3403105171237
2021-02-02,134.99000549316406,138.60908506912287
2021-02-03,133.94000244140625,138.3572228931081
2021-02-04,137.38999938964844,138.8405868979344
2021-02-05,136.75999450683594,137.2622829906936
2021-02-08,136.91000366210938,140.3860658975591
2021-02-09,136.00999450683594,139.45328951416104
2021-02-10,135.38999938964844,138.98058958780652
2021-02-11,135.1300048828125,139.565311338754
2021-02-12,135.3699951171875,137.6622218538561
2021-02-16,133.19000244140625,136.9533992456829
2021-02-17,130.83999633789062,138.4644183384472
2021-02-18,129.7100067138672,138.95458237824278
2021-02-19,129.8699951171875,136.06479070630454
2021-02-22,126.0,134.0484394442672
2021-02-23,125.86000061035156,134.5773900045387
2021-02-24,125.3499984741211,132.92710242716555
2021-02-25,120.98999786376953,131.79338298542135
2021-02-26,121.26000213623047,128.50915645902472
2021-03-01,127.79000091552734,125.30740072161692
2021-03-02,125.12000274658203,126.52392073369083
2021-03-03,122.05999755859375,126.03892500286342
2021-03-04,120.12999725341797,125.26527257952789
2021-03-05,121.41999816894531,122.47028010317017
2021-03-08,116.36000061035156,121.74176988707391
2021-03-09,121.08999633789062,120.65604940468272
2021-03-10,119.9800033569336,119.98666400147157
2021-03-11,121.95999908447266,119.66863712674466
2021-03-12,121.02999877929688,118.16296916128533
2021-03-15,123.98999786376953,121.64223148493677
2021-03-16,125.56999969482422,118.52174748706925
2021-03-17,124.76000213623047,118.4846136328813
2021-03-18,120.52999877929688,119.50323554734037
2021-03-19,119.98999786376953,117.90307725421884
2021-03-22,123.38999938964844,120.4844413515377
2021-03-23,122.54000091552734,118.52083832433067
2021-03-24,120.08999633789062,118.10638256580945
2021-03-25,120.58999633789062,118.61296733559384
2021-03-26,121.20999908447266,116.9369208335268
2021-03-29,121.38999938964844,115.4647732229094
2021-03-30,119.9000015258789,118.15304510435463
2021-03-31,122.1500015258789,117.92251772811896
2021-04-01,123.0,118.83125034923381
2021-04-05,125.9000015258789,118.02240320127027
2021-04-06,126.20999908447266,119.98659204146794
2021-04-07,127.9000015258789,120.56624176187364
2021-04-08,130.36000061035156,122.0403968347973
2021-04-09,133.0,122.06819687920807
2021-04-12,131.24000549316406,126.09528409681954
2021-04-13,134.42999267578125,126.66245306055862
2021-04-14,132.02999877929688,127.52531625650253
2021-04-15,134.5,128.60992817670368
2021-04-16,134.16000366210938,129.49936491067126
2021-04-19,134.83999633789062,132.13996298594546
2021-04-20,133.11000061035156,133.19621323078687
2021-04-21,133.5,132.90888928386556
2021-04-22,131.94000244140625,134.08258911215685
2021-04-23,134.32000732421875,133.66367053295482
2021-04-26,134.72000122070312,132.16811409989978
2021-04-27,134.38999938964844,136.74494314560062
2021-04-28,133.5800018310547,136.217549724392
2021-04-29,133.47999572753906,136.33659908699786
2021-04-30,131.4600067138672,135.9121665656498
2021-05-03,132.5399932861328,135.10949042687608
2021-05-04,127.8499984741211,137.34509987673712
2021-05-05,128.10000610351562,135.67144453513586
2021-05-06,129.74000549316406,135.04788963172223
2021-05-07,130.2100067138672,134.44952998345855
2021-05-10,126.8499984741211,131.9785580130089
2021-05-11,125.91000366210938,135.0793910279173
2021-05-12,122.7699966430664,133.3407829901553
2021-05-13,124.97000122070312,132.57870611232835
2021-05-14,127.44999694824219,130.85740518183928
2021-05-17,126.2699966430664,128.1807524266916
2021-05-18,124.8499984741211,128.87122909367088
2021-05-19,124.69000244140625,126.90556623551365
2021-05-20,127.30999755859375,126.3735586390413
2021-05-21,125.43000030517578,126.59911336903666
2021-05-24,127.0999984741211,128.525257420691
2021-05-25,126.9000015258789,125.11623259888721
2021-05-26,126.8499984741211,124.57935673449795
2021-05-27,125.27999877929688,124.91991123344299
2021-05-28,124.61000061035156,124.72127382158261
2021-06-01,124.27999877929688,125.43778000807262
2021-06-02,125.05999755859375,123.05119968599463
2021-06-03,123.54000091552734,123.50850557172373
2021-06-04,125.88999938964844,123.40793519385475
2021-06-07,125.9000015258789,121.59361328750006
2021-06-08,126.73999786376953,123.13946179083335
2021-06-09,127.12999725341797,123.18408143326998
2021-06-10,126.11000061035156,123.54417219528136
2021-06-11,127.3499984741211,123.62986095702301
2021-06-14,130.47999572753906,117.24733252585179
2021-06-15,129.63999938964844,124.87381604094227
2021-06-16,130.14999389648438,125.26398625660168
2021-06-17,131.7899932861328,126.11150166579544
2021-06-18,130.4600067138672,127.39919612286816
2021-06-21,132.3000030517578,129.78325664306746
2021-06-22,133.97999572753906,129.37755089056165
2021-06-23,133.6999969482422,129.40846507126477
2021-06-24,133.41000366210938,130.58252850923787
2021-06-25,133.11000061035156,131.89442429335836
2021-06-28,134.77999877929688,130.39770519255148
2021-06-29,136.3300018310547,133.766864413375
2021-06-30,136.9600067138672,134.13452156698207
2021-07-01,137.27000427246094,135.41928129335784
2021-07-02,139.9600067138672,136.56207272637036
2021-07-06,142.02000427246094,137.66765629895562
2021-07-07,144.57000732421875,139.6052288448012
2021-07-08,143.24000549316406,140.97007767468193
2021-07-09,145.11000061035156,142.4748684499673
2021-07-12,144.5,145.3136540418771
2021-07-13,145.63999938964844,145.07786644488382
2021-07-14,149.14999389648438,145.34008243444288
2021-07-15,148.47999572753906,146.39456410270049
2021-07-16,146.38999938964844,147.84178331048798
2021-07-19,142.4499969482422,149.7317820880515
2021-07-20,146.14999389648438,148.91784337554725
2021-07-21,145.39999389648438,148.80290136442684
2021-07-22,146.8000030517578,148.81446509065066
2021-07-23,148.55999755859375,149.43113507059155
2021-07-26,148.99000549316406,152.06692915434922
2021-07-27,146.77000427246094,151.09566283179785
2021-07-28,144.97999572753906,150.96863119162325
2021-07-29,145.63999938964844,150.98243439290212
2021-07-30,145.86000061035156,151.31944572744976
2021-08-02,145.52000427246094,150.8388925925338
2021-08-03,147.36000061035156,150.93762245034762
2021-08-04,146.9499969482422,150.25785962515786
2021-08-05,147.05999755859375,148.96451868125902
2021-08-06,146.13999938964844,149.15773067253522
2021-08-09,146.08999633789062,151.2471985609642
2021-08-10,145.60000610351562,148.04236189126567
2021-08-11,145.86000061035156,146.89481483780264
2021-08-12,148.88999938964844,146.86983256633022
2021-08-13,149.10000610351562,147.49574294501426
2021-08-16,151.1199951171875,148.9636003328532
2021-08-17,150.19000244140625,147.75204493210998
2021-08-18,146.36000061035156,148.21183833346754
2021-08-19,146.6999969482422,148.31638444480546
2021-08-20,148.19000244140625,148.50833926861492
2021-08-23,149.7100067138672,146.48806810735928
2021-08-24,149.6199951171875,148.45250141633315
2021-08-25,148.36000061035156,148.33990909650052
2021-08-26,147.5399932861328,148.87572288317116
2021-08-27,148.60000610351562,149.19878745203818
2021-08-30,153.1199951171875,146.08283612384577
2021-08-31,151.8300018310547,149.59443119797862
2021-09-01,152.50999450683594,149.45169801329462
2021-09-02,153.64999389648438,150.27686942234422
2021-09-03,154.3000030517578,151.29092823284444
2021-09-07,156.69000244140625,149.6122900084364
2021-09-08,155.11000061035156,152.9291909650504
2021-09-09,154.07000732421875,154.0281659230029
2021-09-10,148.97000122070312,154.71164819893804
2021-09-13,149.5500030517578,152.70439360301802
2021-09-14,148.1199951171875,153.6852671890555
2021-09-15,149.02999877929688,152.63376052091908
2021-09-16,148.7899932861328,152.4757424580077
2021-09-17,146.05999755859375,152.21447885977318
2021-09-20,142.94000244140625,152.88533649589806
2021-09-21,143.42999267578125,151.10169138719667
2021-09-22,145.85000610351562,149.57358702837084
2021-09-23,146.8300018310547,149.07650009243835
2021-09-24,146.9199981689453,148.54393112134068
2021-09-27,145.3699951171875,148.07419916855693
2021-09-28,141.91000366210938,147.46282931313897
2021-09-29,142.8300018310547,146.2563018392494
2021-09-30,141.5,144.84222956320997
2021-10-01,142.64999389648438,143.8668999512311
2021-10-04,139.13999938964844,143.1488333019475
2021-10-05,141.11000061035156,141.32459525823623
2021-10-06,142.0,140.5252527039318
2021-10-07,143.2899932861328,139.80422761761807
2021-10-08,142.89999389648438,139.87404272367834
2021-10-11,142.80999755859375,139.74972268257093
2021-10-12,141.50999450683594,139.4692846213053
2021-10-13,140.91000366210938,139.50544223321495
2021-10-14,143.75999450683594,139.30285096808612
2021-10-15,144.83999633789062,139.60978089178417
2021-10-18,146.5500030517578,141.9923463164862
2021-10-19,148.75999450683594,140.02749886274182
2021-10-20,149.25999450683594,141.1728419057063
2021-10-21,149.47999572753906,142.17407743131415
2021-10-22,148.69000244140625,143.53255729885518
2021-10-25,148.63999938964844,144.9877468576046
2021-10-26,149.32000732421875,145.15562667027086
2021-10-27,148.85000610351562,147.09700850309048
2021-10-28,152.57000732421875,148.1897071489283
2021-10-29,149.8000030517578,148.95715115460402
2021-11-01,148.9600067138672,149.78998073559566
2021-11-02,150.02000427246094,150.36763727358178
2021-11-03,151.49000549316406,151.77651880688757
2021-11-04,150.9600067138672,152.24443223729506
2021-11-05,151.27999877929688,152.28922901411917
2021-11-08,150.44000244140625,152.55186931807484
2021-11-09,150.80999755859375,153.02992214879438
2021-11-10,147.9199981689453,153.12919634916878
2021-11-11,147.8699951171875,153.00360179764436
2021-11-12,149.99000549316406,152.38167078637477
2021-11-15,150.0,151.56030970782282
2021-11-16,151.0,152.56044176486668
2021-11-17,153.49000549316406,152.51497167989135
2021-11-18,157.8699951171875,153.0773397876337
2021-11-19,160.5500030517578,153.6845782069382
2021-11-22,161.02000427246094,151.94412155613688
2021-11-23,161.41000366210938,155.91288261401107
2021-11-24,161.94000244140625,156.7201946274346
2021-11-26,156.80999755859375,158.18374805735147
2021-11-29,160.24000549316406,158.15546847604116
2021-11-30,165.3000030517578,159.43687347715115
2021-12-01,164.77000427246094,160.30073559986582
2021-12-02,163.75999450683594,162.2294053297234
2021-12-03,161.83999633789062,162.51153626890712
2021-12-06,165.32000732421875,164.93185592568128
2021-12-07,171.17999267578125,164.79090155209053
2021-12-08,175.0800018310547,166.0215017147659
2021-12-09,174.55999755859375,168.91809674086645
2021-12-10,179.4499969482422,169.98029436439415
2021-12-13,175.74000549316406,172.01811205262518
2021-12-14,174.3300018310547,174.67283861985302
2021-12-15,179.3000030517578,175.51045618951204
2021-12-16,172.25999450683594,177.66729467889374
2021-12-17,171.13999938964844,177.48677892943013
2021-12-20,169.75,176.72939162551063
2021-12-21,172.99000549316406,178.37300594728387
2021-12-22,175.63999938964844,178.5474896461585
2021-12-23,176.27999877929688,178.7066922905059
2021-12-27,180.3300018310547,178.63658947128135
2021-12-28,179.2899932861328,181.20476546754367
2021-12-29,179.3800048828125,181.87393490312056
2021-12-30,178.1999969482422,182.3514527428717
2021-12-31,177.57000732421875,182.06693830728543
2022-01-03,182.00999450683594,180.35684920740894
2022-01-04,179.6999969482422,184.0101579043667
2022-01-05,174.9199981689453,184.25199399268595
2022-01-06,172.0,183.04520759975577
2022-01-07,172.1699981689453,181.57823899904267
2022-01-10,172.19000244140625,179.90062497973042
2022-01-11,175.0800018310547,180.27883221836348
2022-01-12,175.52999877929688,179.8149758930575
2022-01-13,172.19000244140625,178.58906092434412
2022-01-14,173.07000732421875,177.11985308236615
2022-01-18,169.8000030517578,174.91750210212192
2022-01-19,166.22999572753906,176.1689507977237
2022-01-20,164.50999450683594,174.34486784756842
2022-01-21,162.41000366210938,171.86093000659986
2022-01-24,161.6199951171875,169.33111366450277
2022-01-25,159.77999877929688,168.20864123952344
2022-01-26,159.69000244140625,166.65656610469097
2022-01-27,159.22000122070312,162.9344756729081
2022-01-28,170.3300018310547,161.05367532408692
2022-01-31,174.77999877929688,164.60891826400322
2022-02-01,174.61000061035156,162.69501834815856
2022-02-02,175.83999633789062,164.56490764835297
2022-02-03,172.89999389648438,165.39617327645416
2022-02-04,172.38999938964844,166.20913838168184
2022-02-07,171.66000366210938,168.87791536520334
2022-02-08,174.8300018310547,167.12787516221397
2022-02-09,176.27999877929688,168.00160791525838
2022-02-10,172.1199951171875,168.0111583211612
2022-02-11,168.63999938964844,168.70648857764718
2022-02-14,168.8800048828125,169.9549787260166
2022-02-15,172.7899932861328,168.58843032670484
2022-02-16,172.5500030517578,169.26334673611237
2022-02-17,168.8800048828125,168.91480028913017
2022-02-18,167.3000030517578,169.21943004610583
2022-02-22,164.32000732421875,170.806779767666
2022-02-23,160.07000732421875,169.9223523045065
2022-02-24,162.74000549316406,167.08331609538163
2022-02-25,164.85000610351562,166.45722208143778
2022-02-28,165.1199951171875,165.56080188085332
2022-03-01,163.1999969482422,166.15913649398055
2022-03-02,166.55999755859375,165.75239363368783
2022-03-03,166.22999572753906,164.75258096376734
2022-03-04,163.1699981689453,164.78778543622155
2022-03-07,159.3000030517578,164.7829446621477
2022-03-08,157.44000244140625,164.4267929976633
2022-03-09,162.9499969482422,163.6544148814747
2022-03-10,158.52000427246094,162.6472001890115
2022-03-11,154.72999572753906,161.9059236127999
2022-03-14,150.6199951171875,161.20278484431003
2022-03-15,155.08999633789062,159.5546878164706
2022-03-16,159.58999633789062,159.02438190764317
2022-03-17,160.6199951171875,157.36668573636715
2022-03-18,163.97999572753906,157.33167707119907
2022-03-21,165.3800048828125,159.60021595838523
2022-03-22,168.82000732421875,158.70765703001453
2022-03-23,170.2100067138672,160.54760826083802
2022-03-24,174.07000732421875,159.71417224287285
2022-03-25,174.72000122070312,160.2403352352723
2022-03-28,175.60000610351562,162.23282748309651
2022-03-29,178.9600067138672,162.71094825508163
2022-03-30,177.77000427246094,165.70791293797862
2022-03-31,174.61000061035156,166.44502664966373
2022-04-01,174.30999755859375,167.45870779032822
2022-04-04,178.44000244140625,169.78351833742164
2022-04-05,175.05999755859375,172.42912413160985
2022-04-06,171.8300018310547,174.05938099105842
2022-04-07,172.13999938964844,173.01735344700842
2022-04-08,170.08999633789062,173.67864801172573
2022-04-11,165.75,171.35966922116896
2022-04-12,167.66000366210938,175.40532006999118
2022-04-13,170.39999389648438,174.45283867599096
2022-04-14,165.2899932861328,173.59403129764365
2022-04-18,165.07000732421875,172.1459653599064
2022-04-19,167.39999389648438,173.17739247506984
2022-04-20,167.22999572753906,173.25826237798773
2022-04-21,166.4199981689453,171.22611452834352
2022-04-22,161.7899932861328,170.26480368304166
2022-04-25,162.8800048828125,163.46330260372574
2022-04-26,156.8000030517578,169.57818033620165
2022-04-27,156.57000732421875,168.78932585638168
2022-04-28,163.63999938964844,165.8729491344266
2022-04-29,157.64999389648438,165.77052510295414
2022-05-02,157.9600067138672,159.75825469531753
2022-05-03,159.47999572753906,165.22340653831418
2022-05-04,166.02000427246094,163.16319665054223
2022-05-05,156.77000427246094,162.1836383340192
2022-05-06,157.27999877929688,160.9730968508396
2022-05-09,152.05999755859375,159.335748824387
2022-05-10,154.50999450683594,157.9046800517453
2022-05-11,146.5,157.86025016963129
2022-05-12,142.55999755859375,155.51802479829792
2022-05-13,147.11000061035156,152.4109803003189
2022-05-16,145.5399932861328,148.1309584011482
2022-05-17,149.24000549316406,149.92398237301188
2022-05-18,140.82000732421875,149.33766864683525
2022-05-19,137.35000610351562,145.9549099341842
2022-05-20,137.58999633789062,144.530291489155
2022-05-23,143.11000061035156,144.89548085575862
2022-05-24,140.36000061035156,142.3152838024577
2022-05-25,140.52000427246094,141.09365709609384
2022-05-26,143.77999877929688,138.97219600381857
2022-05-27,149.63999938964844,139.1223586653582
2022-05-31,148.83999633789062,144.67816386960706
2022-06-01,148.7100067138672,139.88788992865096
2022-06-02,151.2100067138672,138.99790423690817
2022-06-03,145.3800048828125,140.3667223265323
2022-06-06,146.13999938964844,141.80886323568873
2022-06-07,148.7100067138672,140.37799370719512
2022-06-08,147.9600067138672,140.92781372048645
2022-06-09,142.63999938964844,140.2403362062804
2022-06-10,137.1300048828125,139.87201670602101
2022-06-13,131.8800048828125,141.03977075848766
2022-06-14,132.75999450683594,138.20306029061462
2022-06-15,135.42999267578125,137.56688863481136
2022-06-16,130.05999755859375,135.801972386579
2022-06-17,131.55999755859375,134.8542984619848
2022-06-21,135.8699951171875,129.29922522920373
2022-06-22,135.35000610351562,133.4253703219748
2022-06-23,138.27000427246094,131.76201444585257
2022-06-24,141.66000366210938,131.23989074910722
2022-06-27,141.66000366210938,133.91083610593128
2022-06-28,137.44000244140625,132.66587307222926
2022-06-29,139.22999572753906,133.31969617217192
2022-06-30,136.72000122070312,132.30604075667028
2022-07-01,138.92999267578125,132.28460874461678
2022-07-05,141.55999755859375,135.14881129924606
2022-07-06,142.9199981689453,133.94053134914782
2022-07-07,146.35000610351562,133.2661741488625
2022-07-08,147.0399932861328,134.01466979383048
2022-07-11,144.8699951171875,138.64091886992702
2022-07-12,145.86000061035156,137.3613945126543
2022-07-13,145.49000549316406,138.8890994718107
2022-07-14,148.47000122070312,139.29533826073242
2022-07-15,150.1699981689453,140.78568020065174
2022-07-18,147.07000732421875,146.66600440318547
2022-07-19,151.0,144.63666694381564
2022-07-20,153.0399932861328,146.76095241735263
2022-07-21,155.35000610351562,147.26545908887132
2022-07-22,154.08999633789062,149.2245435506883
2022-07-25,152.9499969482422,152.9353184873601
2022-07-26,151.60000610351562,152.54487020057607
2022-07-27,156.7899932861328,153.68146051056587
2022-07-28,157.35000610351562,154.00419213138923
2022-07-29,162.50999450683594,154.69908272804594
2022-08-01,161.50999450683594,157.17077783985798
2022-08-02,160.00999450683594,158.98631617486996
2022-08-03,166.1300048828125,159.8904419634776
2022-08-04,165.80999755859375,160.7989667103144
2022-08-05,165.35000610351562,162.35104598718152
2022-08-08,164.8699951171875,155.90039118990086
2022-08-09,164.9199981689453,164.5727178349494
2022-08-10,169.24000549316406,166.017533094848
2022-08-11,168.49000549316406,166.48327398248588
2022-08-12,172.10000610351562,167.62181418991332
2022-08-15,173.19000244140625,162.65256360856117
2022-08-16,173.02999877929688,171.28664462606363
2022-08-17,174.5500030517578,172.56298772169995
2022-08-18,174.14999389648438,173.10475937072837
2022-08-19,171.52000427246094,173.98813219070163
2022-08-22,167.57000732421875,172.99172242796539
2022-08-23,167.22999572753906,175.81652598550988
2022-08-24,167.52999877929688,176.26767341140103
2022-08-25,170.02999877929688,175.46423496727354
2022-08-26,163.6199951171875,175.73738306947016
2022-08-29,161.3800048828125,177.88548705918296
2022-08-30,158.91000366210938,175.86951649983365
2022-08-31,157.22000122070312,174.67556794701713
2022-09-01,157.9600067138672,172.665028849349
2022-09-02,155.80999755859375,170.61184341425007
2022-09-06,154.52999877929688,166.41585945873877
2022-09-07,155.9600067138672,167.19286936807356
2022-09-08,154.4600067138672,163.82959260756502
2022-09-09,157.3699951171875,161.9040068771509
2022-09-12,163.42999267578125,159.69007021894663
2022-09-13,153.83999633789062,158.6912196898855
2022-09-14,155.30999755859375,157.85180597653138
2022-09-15,152.3699951171875,156.2492463827492
2022-09-16,150.6999969482422,155.08636461099778
2022-09-19,154.47999572753906,155.06382820141755
2022-09-20,156.89999389648438,151.0133405780646
2022-09-21,153.72000122070312,152.46484889702097
2022-09-22,152.74000549316406,151.74001036518865
2022-09-23,150.42999267578125,151.56869311417853
2022-09-26,150.77000427246094,152.4079502035006
2022-09-27,151.75999450683594,149.55246147897924
2022-09-28,149.83999633789062,149.78207647047847
2022-09-29,142.47999572753906,148.7484751361584
2022-09-30,138.1999969482422,147.80845404783352
2022-10-03,142.4499969482422,148.6720580153398
2022-10-04,146.10000610351562,144.40266342921825
2022-10-05,146.39999389648438,144.29308118339947
2022-10-06,145.42999267578125,143.5206362852068
2022-10-07,140.08999633789062,142.97348812061284
2022-10-10,140.4199981689453,142.8630227665708
2022-10-11,138.97999572753906,140.85980085914034
2022-10-12,138.33999633789062,140.66470916768995
2022-10-13,142.99000549316406,139.40785736280625
2022-10-14,138.3800048828125,138.69059814968557
2022-10-17,142.41000366210938,136.97557223905008
2022-10-18,143.75,136.77946663077043
2022-10-19,143.86000061035156,137.6410035872174
2022-10-20,143.38999938964844,137.41910842008008
2022-10-21,147.27000427246094,136.45826302085717
2022-10-24,149.4499969482422,139.05580656087764
2022-10-25,152.33999633789062,137.21776003530312
2022-10-26,149.35000610351562,139.5134632361692
2022-10-27,144.8000030517578,140.3534534582014
2022-10-28,155.74000549316406,140.33427612745012
2022-10-31,153.33999633789062,150.97232196961485
2022-11-01,150.64999389648438,144.36557683294808
2022-11-02,145.02999877929688,147.4091440285918
2022-11-03,138.8800048828125,147.3899323025589
2022-11-04,138.3800048828125,146.57675646860295
2022-11-07,138.9199981689453,146.95216748581743
2022-11-08,139.5,144.81397621925336
2022-11-09,134.8699951171875,144.46910972031137
2022-11-10,146.8699951171875,142.4890638816711
2022-11-11,149.6999969482422,143.27661286431353
2022-11-14,148.27999877929688,144.3225098641542
2022-11-15,150.0399932861328,144.10779974347093
2022-11-16,148.7899932861328,145.28994182020082
2022-11-17,150.72000122070312,145.88243579343555
2022-11-18,151.2899932861328,146.43844038487143
2022-11-21,148.00999450683594,147.3895620357666
2022-11-22,150.17999267578125,147.63409359661586
2022-11-23,151.07000732421875,147.69996989620657
2022-11-25,148.11000061035156,148.455592250327
2022-11-28,144.22000122070312,148.28792244227859
2022-11-29,141.1699981689453,148.5891041408776
2022-11-30,148.02999877929688,147.7842639452593
2022-12-01,148.30999755859375,147.90780412342832
2022-12-02,147.80999755859375,148.13571981994835
2022-12-05,146.6300048828125,146.26519699066375
2022-12-06,142.91000366210938,147.97639359075978
2022-12-07,140.94000244140625,148.12171849730265
2022-12-08,142.64999389648438,147.13104301429644
2022-12-09,142.16000366210938,146.9337797985146
2022-12-12,144.49000549316406,144.48346536499398
2022-12-13,145.47000122070312,145.9796915431836
2022-12-14,143.2100067138672,146.54522539264119
2022-12-15,136.5,145.90397115960465
2022-12-16,134.50999450683594,145.08785075311383
2022-12-19,132.3699951171875,138.254724885015
2022-12-20,132.3000030517578,142.88306369815393
2022-12-21,135.4499969482422,141.74426585234755
2022-12-22,132.22999572753906,139.559817449272
2022-12-23,131.86000061035156,138.12143930920467
2022-12-27,130.02999877929688,133.05712613386478
2022-12-28,126.04000091552734,134.55875212072928
2022-12-29,129.61000061035156,131.99321099872714
2022-12-30,129.92999267578125,130.85235587360893
2023-01-03,125.06999969482422,125.77205325035243
2023-01-04,126.36000061035156,127.47536022109243
2023-01-05,125.0199966430664,125.8522612422557
2023-01-06,129.6199951171875,125.2615515454173
2023-01-09,130.14999389648438,126.59063745235716
2023-01-10,130.72999572753906,124.86955546375984
2023-01-11,133.49000549316406,124.99540647106834
2023-01-12,133.41000366210938,125.24407781298952
2023-01-13,134.75999450683594,125.71985296052638
2023-01-17,135.94000244140625,128.5996385022041
2023-01-18,135.2100067138672,126.38624029707111
2023-01-19,135.27000427246094,126.42920197828614
2023-01-20,137.8699951171875,127.43849677202981
2023-01-23,141.11000061035156,130.6391924005971
2023-01-24,142.52999877929688,129.24793476314204
2023-01-25,141.86000061035156,130.12773122336998
2023-01-26,143.9600067138672,130.29470148354554
2023-01-27,145.92999267578125,132.0057901178305
2023-01-30,143.0,134.93971397363143
2023-01-31,144.2899932861328,140.27289678057974
2023-02-01,145.42999267578125,141.32759520731713
2023-02-02,150.82000732421875,140.89784313648568
2023-02-03,154.5,144.25632219785922
2023-02-06,151.72999572753906,152.02043409299594
2023-02-07,154.64999389648438,149.37070655135312
2023-02-08,151.9199981689453,149.7234206829688
2023-02-09,150.8699951171875,151.28739019097677
2023-02-10,151.00999450683594,152.32318954710252
2023-02-13,153.85000610351562,155.60908922788772
2023-02-14,153.1999969482422,155.926179412145
2023-02-15,155.3300018310547,155.28053528465335
2023-02-16,153.7100067138672,155.60237953129692
2023-02-17,152.5500030517578,157.14498315699961
2023-02-21,148.47999572753906,160.64995041526845
2023-02-22,148.91000366210938,157.68437851802503
2023-02-23,149.39999389648438,157.24436244411194
2023-02-24,146.7100067138672,157.66922069843162
2023-02-27,147.9199981689453,153.29211554480375
2023-02-28,147.41000366210938,156.82343530413183
2023-03-01,145.30999755859375,155.79502918199614
2023-03-02,145.91000366210938,155.09280184784444
2023-03-03,151.02999877929688,155.49139200254166
2023-03-06,153.8300018310547,152.76691905161465
2023-03-07,151.60000610351562,155.22439726343836
2023-03-08,152.8699951171875,153.9021958139706
2023-03-09,150.58999633789062,151.8954461605371
2023-03-10,148.5,153.219713133653
2023-03-13,150.47000122070312,147.16721476678805
2023-03-14,152.58999633789062,151.22087415975324
2023-03-15,152.99000549316406,151.1155479452026
2023-03-16,155.85000610351562,151.31106707798332
2023-03-17,155.0,153.29001640888944
2023-03-20,157.39999389648438,151.3925117047968
2023-03-21,159.27999877929688,154.49463372038906
2023-03-22,157.8300018310547,154.05771446679103
2023-03-23,158.92999267578125,154.56480687957287
2023-03-24,160.25,156.88005470055978
2023-03-27,158.27999877929688,160.54263938449836
2023-03-28,157.64999389648438,157.0012504601769
2023-03-29,160.77000427246094,157.09497095507587
2023-03-30,162.36000061035156,157.54586634275017
2023-03-31,164.89999389648438,158.69644591064474
2023-04-03,166.1699981689453,154.3637547814101
2023-04-04,165.6300048828125,160.07771159292548
2023-04-05,163.75999450683594,162.85494038739748
2023-04-06,164.66000366210938,163.29414413422106
2023-04-10,162.02999877929688,165.90032103980568
2023-04-11,160.8000030517578,166.14675326695513
2023-04-12,160.10000610351562,165.89068078339457
2023-04-13,165.55999755859375,165.42410432039955
2023-04-14,165.2100067138672,166.21262954873654
2023-04-17,165.22999572753906,164.6642591052408
2023-04-18,166.47000122070312,166.58520341494915
2023-04-19,167.6300048828125,167.16101014260752
2023-04-20,166.64999389648438,167.90802702170356
2023-04-21,165.02000427246094,168.41280014005142
2023-04-24,165.3300018310547,166.92158102393452
2023-04-25,163.77000427246094,168.21408960067276
2023-04-26,163.75999450683594,168.23992978572497
2023-04-27,168.41000366210938,167.6593197661474
2023-04-28,169.67999267578125,168.42933060345214
2023-05-01,169.58999633789062,168.66466520719308
2023-05-02,168.5399932861328,168.73922736950982
2023-05-03,167.4499969482422,168.60558095364084
2023-05-04,165.7899932861328,168.85845989593
2023-05-05,173.57000732421875,169.34243141294303
2023-05-08,173.5,169.29383573319777
2023-05-09,171.77000427246094,170.550333334027
2023-05-10,173.55999755859375,170.8052379949894
2023-05-11,173.75,171.82187837990043
2023-05-12,172.57000732421875,172.98860295733317
2023-05-15,172.07000732421875,173.4672949818841
2023-05-16,172.07000732421875,172.97575894523777
2023-05-17,172.69000244140625,172.7715403262963
2023-05-18,175.0500030517578,173.57019906679162
2023-05-19,175.16000366210938,174.83987306144104
2023-05-22,174.1999969482422,178.07622182797448
2023-05-23,171.55999755859375,174.91643247411022
2023-05-24,171.83999633789062,174.59831605427013
2023-05-25,172.99000549316406,175.23910250596978
2023-05-26,175.42999267578125,176.07699927077064
2023-05-30,177.3000030517578,174.5127973729878
2023-05-31,177.25,175.66874603571523
2023-06-01,180.08999633789062,176.68210086001685
2023-06-02,180.9499969482422,177.97266410410222
2023-06-05,179.5800018310547,176.99778934209954
2023-06-06,179.2100067138672,178.323471703135
2023-06-07,177.82000732421875,178.47023576572795
2023-06-08,180.57000732421875,179.6376450243591
2023-06-09,180.9600067138672,180.50364807103645
2023-06-12,183.7899932861328,179.34977285511675
2023-06-13,183.30999755859375,180.81797862101368
2023-06-14,183.9499969482422,181.12548851673466
2023-06-15,186.00999450683594,183.01069450925507
2023-06-16,184.9199981689453,184.35344550093816
2023-06-20,185.00999450683594,182.35377898205923
2023-06-21,183.9600067138672,184.4852122644681
2023-06-22,187.0,185.82098134901543
2023-06-23,186.67999267578125,186.89934800444453
2023-06-26,185.27000427246094,182.8780655634531
2023-06-27,188.05999755859375,186.92849512550342
2023-06-28,189.25,187.2812510898791
2023-06-29,189.58999633789062,188.95864896733698
2023-06-30,193.97000122070312,189.86015553558272
2023-07-03,192.4600067138672,189.22813840793532
2023-07-05,191.3300018310547,191.14201962897306
2023-07-06,191.80999755859375,192.64250358114407
2023-07-07,190.67999267578125,193.34727471678562
2023-07-10,188.61000061035156,191.29323622179902
2023-07-11,188.0800018310547,192.82532334283977
2023-07-12,189.77000427246094,192.77664988780913
2023-07-13,190.5399932861328,193.68396239633185
2023-07-14,190.69000244140625,193.9966932654471
2023-07-17,193.99000549316406,196.747510067481
2023-07-18,193.72999572753906,193.3918101496934
2023-07-19,195.10000610351562,193.5539946359956
2023-07-20,193.1300048828125,195.15781385997474
